-- phpMyAdmin SQL Dump
-- version 4.7.4
-- https://www.phpmyadmin.net/
--
-- Host: 127.0.0.1:3306
-- Generation Time: Dec 10, 2017 at 11:22 AM
-- Server version: 5.7.19
-- PHP Version: 7.0.23

SET SQL_MODE = "NO_AUTO_VALUE_ON_ZERO";
SET AUTOCOMMIT = 0;
START TRANSACTION;
SET time_zone = "+00:00";


/*!40101 SET @OLD_CHARACTER_SET_CLIENT=@@CHARACTER_SET_CLIENT */;
/*!40101 SET @OLD_CHARACTER_SET_RESULTS=@@CHARACTER_SET_RESULTS */;
/*!40101 SET @OLD_COLLATION_CONNECTION=@@COLLATION_CONNECTION */;
/*!40101 SET NAMES utf8mb4 */;

--
-- Database: `api_laravel`
--

-- --------------------------------------------------------

--
-- Table structure for table `migrations`
--

DROP TABLE IF EXISTS `migrations`;
CREATE TABLE IF NOT EXISTS `migrations` (
  `id` int(10) UNSIGNED NOT NULL AUTO_INCREMENT,
  `migration` varchar(191) COLLATE utf8mb4_unicode_ci NOT NULL,
  `batch` int(11) NOT NULL,
  PRIMARY KEY (`id`)
) ENGINE=MyISAM AUTO_INCREMENT=10 DEFAULT CHARSET=utf8mb4 COLLATE=utf8mb4_unicode_ci;

--
-- Dumping data for table `migrations`
--

INSERT INTO `migrations` (`id`, `migration`, `batch`) VALUES
(1, '2014_10_12_000000_create_users_table', 1),
(2, '2014_10_12_100000_create_password_resets_table', 1),
(3, '2017_12_10_021651_create_products_table', 1),
(4, '2017_12_10_022417_create_reviews_table', 1),
(5, '2016_06_01_000001_create_oauth_auth_codes_table', 2),
(6, '2016_06_01_000002_create_oauth_access_tokens_table', 2),
(7, '2016_06_01_000003_create_oauth_refresh_tokens_table', 2),
(8, '2016_06_01_000004_create_oauth_clients_table', 2),
(9, '2016_06_01_000005_create_oauth_personal_access_clients_table', 2);

-- --------------------------------------------------------

--
-- Table structure for table `oauth_access_tokens`
--

DROP TABLE IF EXISTS `oauth_access_tokens`;
CREATE TABLE IF NOT EXISTS `oauth_access_tokens` (
  `id` varchar(100) COLLATE utf8mb4_unicode_ci NOT NULL,
  `user_id` int(11) DEFAULT NULL,
  `client_id` int(11) NOT NULL,
  `name` varchar(191) COLLATE utf8mb4_unicode_ci DEFAULT NULL,
  `scopes` text COLLATE utf8mb4_unicode_ci,
  `revoked` tinyint(1) NOT NULL,
  `created_at` timestamp NULL DEFAULT NULL,
  `updated_at` timestamp NULL DEFAULT NULL,
  `expires_at` datetime DEFAULT NULL,
  PRIMARY KEY (`id`),
  KEY `oauth_access_tokens_user_id_index` (`user_id`)
) ENGINE=MyISAM DEFAULT CHARSET=utf8mb4 COLLATE=utf8mb4_unicode_ci;

--
-- Dumping data for table `oauth_access_tokens`
--

INSERT INTO `oauth_access_tokens` (`id`, `user_id`, `client_id`, `name`, `scopes`, `revoked`, `created_at`, `updated_at`, `expires_at`) VALUES
('377d6ec0ae1007869886aae5c7ffafbf668174d7c58483754237ee8cea72f52350e5373e3fba8321', 1, 2, NULL, '[]', 0, '2017-12-10 05:40:35', '2017-12-10 05:40:35', '2018-12-10 11:10:35');

-- --------------------------------------------------------

--
-- Table structure for table `oauth_auth_codes`
--

DROP TABLE IF EXISTS `oauth_auth_codes`;
CREATE TABLE IF NOT EXISTS `oauth_auth_codes` (
  `id` varchar(100) COLLATE utf8mb4_unicode_ci NOT NULL,
  `user_id` int(11) NOT NULL,
  `client_id` int(11) NOT NULL,
  `scopes` text COLLATE utf8mb4_unicode_ci,
  `revoked` tinyint(1) NOT NULL,
  `expires_at` datetime DEFAULT NULL,
  PRIMARY KEY (`id`)
) ENGINE=MyISAM DEFAULT CHARSET=utf8mb4 COLLATE=utf8mb4_unicode_ci;

-- --------------------------------------------------------

--
-- Table structure for table `oauth_clients`
--

DROP TABLE IF EXISTS `oauth_clients`;
CREATE TABLE IF NOT EXISTS `oauth_clients` (
  `id` int(10) UNSIGNED NOT NULL AUTO_INCREMENT,
  `user_id` int(11) DEFAULT NULL,
  `name` varchar(191) COLLATE utf8mb4_unicode_ci NOT NULL,
  `secret` varchar(100) COLLATE utf8mb4_unicode_ci NOT NULL,
  `redirect` text COLLATE utf8mb4_unicode_ci NOT NULL,
  `personal_access_client` tinyint(1) NOT NULL,
  `password_client` tinyint(1) NOT NULL,
  `revoked` tinyint(1) NOT NULL,
  `created_at` timestamp NULL DEFAULT NULL,
  `updated_at` timestamp NULL DEFAULT NULL,
  PRIMARY KEY (`id`),
  KEY `oauth_clients_user_id_index` (`user_id`)
) ENGINE=MyISAM AUTO_INCREMENT=3 DEFAULT CHARSET=utf8mb4 COLLATE=utf8mb4_unicode_ci;

--
-- Dumping data for table `oauth_clients`
--

INSERT INTO `oauth_clients` (`id`, `user_id`, `name`, `secret`, `redirect`, `personal_access_client`, `password_client`, `revoked`, `created_at`, `updated_at`) VALUES
(1, NULL, 'Laravel Personal Access Client', '0uaOKhcfLrR0SO79CrGPL0rehaI62JEB9Nw9hMVg', 'http://localhost', 1, 0, 0, '2017-12-10 05:27:52', '2017-12-10 05:27:52'),
(2, NULL, 'Laravel Password Grant Client', '7IPRmTADRqOhO7qBCnc5Kp3mhd06wtS0b9ikWUTA', 'http://localhost', 0, 1, 0, '2017-12-10 05:27:52', '2017-12-10 05:27:52');

-- --------------------------------------------------------

--
-- Table structure for table `oauth_personal_access_clients`
--

DROP TABLE IF EXISTS `oauth_personal_access_clients`;
CREATE TABLE IF NOT EXISTS `oauth_personal_access_clients` (
  `id` int(10) UNSIGNED NOT NULL AUTO_INCREMENT,
  `client_id` int(11) NOT NULL,
  `created_at` timestamp NULL DEFAULT NULL,
  `updated_at` timestamp NULL DEFAULT NULL,
  PRIMARY KEY (`id`),
  KEY `oauth_personal_access_clients_client_id_index` (`client_id`)
) ENGINE=MyISAM AUTO_INCREMENT=2 DEFAULT CHARSET=utf8mb4 COLLATE=utf8mb4_unicode_ci;

--
-- Dumping data for table `oauth_personal_access_clients`
--

INSERT INTO `oauth_personal_access_clients` (`id`, `client_id`, `created_at`, `updated_at`) VALUES
(1, 1, '2017-12-10 05:27:52', '2017-12-10 05:27:52');

-- --------------------------------------------------------

--
-- Table structure for table `oauth_refresh_tokens`
--

DROP TABLE IF EXISTS `oauth_refresh_tokens`;
CREATE TABLE IF NOT EXISTS `oauth_refresh_tokens` (
  `id` varchar(100) COLLATE utf8mb4_unicode_ci NOT NULL,
  `access_token_id` varchar(100) COLLATE utf8mb4_unicode_ci NOT NULL,
  `revoked` tinyint(1) NOT NULL,
  `expires_at` datetime DEFAULT NULL,
  PRIMARY KEY (`id`),
  KEY `oauth_refresh_tokens_access_token_id_index` (`access_token_id`)
) ENGINE=MyISAM DEFAULT CHARSET=utf8mb4 COLLATE=utf8mb4_unicode_ci;

--
-- Dumping data for table `oauth_refresh_tokens`
--

INSERT INTO `oauth_refresh_tokens` (`id`, `access_token_id`, `revoked`, `expires_at`) VALUES
('c8dc68df965b273fb63a0e67287499b21279724a8b53b485bb482bca37e8720775880fa82a3593d7', '377d6ec0ae1007869886aae5c7ffafbf668174d7c58483754237ee8cea72f52350e5373e3fba8321', 0, '2018-12-10 11:10:35');

-- --------------------------------------------------------

--
-- Table structure for table `password_resets`
--

DROP TABLE IF EXISTS `password_resets`;
CREATE TABLE IF NOT EXISTS `password_resets` (
  `email` varchar(191) COLLATE utf8mb4_unicode_ci NOT NULL,
  `token` varchar(191) COLLATE utf8mb4_unicode_ci NOT NULL,
  `created_at` timestamp NULL DEFAULT NULL,
  KEY `password_resets_email_index` (`email`)
) ENGINE=MyISAM DEFAULT CHARSET=utf8mb4 COLLATE=utf8mb4_unicode_ci;

-- --------------------------------------------------------

--
-- Table structure for table `products`
--

DROP TABLE IF EXISTS `products`;
CREATE TABLE IF NOT EXISTS `products` (
  `id` int(10) UNSIGNED NOT NULL AUTO_INCREMENT,
  `name` varchar(191) COLLATE utf8mb4_unicode_ci NOT NULL,
  `details` text COLLATE utf8mb4_unicode_ci NOT NULL,
  `price` int(11) NOT NULL,
  `stock` int(11) NOT NULL,
  `discount` int(11) NOT NULL,
  `created_at` timestamp NULL DEFAULT NULL,
  `updated_at` timestamp NULL DEFAULT NULL,
  PRIMARY KEY (`id`)
) ENGINE=MyISAM AUTO_INCREMENT=51 DEFAULT CHARSET=utf8mb4 COLLATE=utf8mb4_unicode_ci;

--
-- Dumping data for table `products`
--

INSERT INTO `products` (`id`, `name`, `details`, `price`, `stock`, `discount`, `created_at`, `updated_at`) VALUES
(1, 'fugit', 'Aperiam eos ex aliquid praesentium. Pariatur eaque ullam perspiciatis et. Totam voluptates laudantium qui autem nobis sit. Consequatur modi sunt ad commodi.', 977, 3, 30, '2017-12-09 23:45:03', '2017-12-09 23:45:03'),
(2, 'sed', 'Et qui sit occaecati id. Eveniet laboriosam quaerat asperiores ut. Voluptas harum fugit quas consequatur. Earum dignissimos voluptates dolores nihil.', 819, 5, 26, '2017-12-09 23:45:03', '2017-12-09 23:45:03'),
(3, 'quis', 'Voluptatem architecto cupiditate perferendis eos sequi. A non amet quia numquam quibusdam. In qui enim et quidem neque deleniti magnam.', 868, 4, 26, '2017-12-09 23:45:03', '2017-12-09 23:45:03'),
(4, 'ipsa', 'Nulla corrupti natus ipsam illum quo impedit dignissimos. Amet soluta eligendi provident mollitia distinctio. Qui asperiores et nihil quam laudantium et et. Ipsam voluptates dolorum molestiae molestiae culpa.', 863, 6, 14, '2017-12-09 23:45:03', '2017-12-09 23:45:03'),
(5, 'consequuntur', 'Cumque hic corrupti dolor non aspernatur animi. Ea ea deserunt quia possimus. Fugiat minus molestiae aut ab rem sed praesentium.', 861, 0, 10, '2017-12-09 23:45:03', '2017-12-09 23:45:03'),
(6, 'facere', 'Est autem perferendis velit placeat. Aut nisi dolorum architecto sed. Et qui qui veritatis nam eius. Velit assumenda corporis officiis optio non.', 588, 6, 17, '2017-12-09 23:45:03', '2017-12-09 23:45:03'),
(7, 'et', 'Autem et quo sit aspernatur exercitationem qui. Neque quibusdam adipisci debitis laudantium. Ut aliquam fugiat laudantium voluptas. Saepe ipsa aut quidem non est quas excepturi.', 652, 0, 26, '2017-12-09 23:45:03', '2017-12-09 23:45:03'),
(8, 'recusandae', 'Consequatur earum ipsum velit quia est libero laudantium. Beatae ut vero rerum facere consequuntur eum ipsum. Officiis non eum ducimus est. Voluptatum voluptas laboriosam quaerat aut quia ex provident.', 468, 2, 26, '2017-12-09 23:45:03', '2017-12-09 23:45:03'),
(9, 'ea', 'Et esse excepturi inventore doloribus nulla vero laboriosam. Nihil ut aut dolorum rem maxime aliquam illo. Magnam ullam fugit sed ut quia. Perspiciatis nam fugiat aut perferendis. Ut possimus repudiandae commodi est amet illum est.', 836, 2, 25, '2017-12-09 23:45:03', '2017-12-09 23:45:03'),
(10, 'minima', 'Nobis fugiat ea at possimus nobis. Eos ut ab voluptatem in enim. Illum vitae consectetur iure sint nesciunt. Voluptatem harum eum saepe debitis delectus maxime eos.', 858, 4, 4, '2017-12-09 23:45:03', '2017-12-09 23:45:03'),
(11, 'eum', 'Impedit dolor delectus reiciendis alias sunt quis provident. Sit qui incidunt cumque beatae ut molestiae sint.', 993, 5, 16, '2017-12-09 23:45:03', '2017-12-09 23:45:03'),
(12, 'est', 'Suscipit eum nobis sequi magni. Qui ut autem et ut. Eum culpa ratione quae libero consequatur enim. Sed qui rem sint enim.', 224, 4, 19, '2017-12-09 23:45:03', '2017-12-09 23:45:03'),
(13, 'delectus', 'Provident eum ipsam aut ipsum dolorum velit minima. Esse minima officia magnam nobis veritatis quod. Sed laborum velit sunt fugiat ab suscipit nostrum. Nam reprehenderit qui ipsam qui inventore.', 401, 7, 23, '2017-12-09 23:45:03', '2017-12-09 23:45:03'),
(14, 'vel', 'Nesciunt quia eius repellendus mollitia quas optio. Doloremque accusamus sed deserunt cupiditate aperiam. Dolores aut est numquam. Sed quidem nostrum aliquam.', 617, 0, 19, '2017-12-09 23:45:03', '2017-12-09 23:45:03'),
(15, 'soluta', 'Quo ipsum aut ipsum occaecati minus est sint. Et cumque ut consectetur delectus est. Consequatur asperiores quia minima rerum quam. Sit amet alias fuga aut maiores sit a.', 516, 2, 22, '2017-12-09 23:45:03', '2017-12-09 23:45:03'),
(16, 'et', 'Id quas qui sit sint. Et quae minima officiis. Odit odio illo nam consequatur rerum blanditiis.', 407, 5, 3, '2017-12-09 23:45:03', '2017-12-09 23:45:03'),
(17, 'in', 'Minus quibusdam atque eum est magnam enim distinctio. Numquam unde repellat et eos non. Dolore aspernatur voluptatibus sit qui quas repudiandae sed. Corporis ex saepe minus.', 430, 7, 24, '2017-12-09 23:45:03', '2017-12-09 23:45:03'),
(18, 'quis', 'Dolor aut molestias voluptatem doloribus consectetur. Perspiciatis quo voluptas et cumque voluptatem sit. Incidunt ipsam eum accusantium soluta.', 433, 3, 25, '2017-12-09 23:45:03', '2017-12-09 23:45:03'),
(19, 'dolore', 'Laborum autem culpa est commodi optio. Laboriosam tempore nisi consequatur eaque et aut doloribus qui. Nisi alias sed vitae cupiditate et et. Reprehenderit rerum ut ducimus sed. Nesciunt est mollitia in mollitia quis quod est.', 678, 3, 13, '2017-12-09 23:45:03', '2017-12-09 23:45:03'),
(20, 'earum', 'Dolor vero blanditiis voluptatum exercitationem accusantium ipsum sit. Impedit eaque aut dolores porro. Deleniti et vero tenetur nulla.', 974, 1, 5, '2017-12-09 23:45:03', '2017-12-09 23:45:03'),
(21, 'rem', 'Culpa inventore quae sed. Est in soluta aut quia esse. Iure ratione quia quas dolore.', 910, 5, 29, '2017-12-09 23:45:03', '2017-12-09 23:45:03'),
(22, 'optio', 'Aut corrupti ratione eligendi ipsum beatae facere molestiae. Deleniti rem quis distinctio accusantium ipsa et aperiam. Illum hic omnis consequatur beatae dolores.', 639, 1, 9, '2017-12-09 23:45:03', '2017-12-09 23:45:03'),
(23, 'aliquam', 'Totam fugiat neque in itaque ut amet. Illum ut odio aut ut placeat. Consequatur nihil voluptatibus delectus alias omnis vel quia qui. Possimus quos optio tenetur autem facilis perferendis ex.', 276, 6, 10, '2017-12-09 23:45:03', '2017-12-09 23:45:03'),
(24, 'occaecati', 'Et voluptatem ut qui illum dicta sit. Rerum ut laudantium eius atque fugiat est. Perspiciatis rerum voluptatum nobis illo distinctio. Quia suscipit illum magnam labore.', 362, 1, 17, '2017-12-09 23:45:03', '2017-12-09 23:45:03'),
(25, 'voluptatem', 'Placeat alias voluptates voluptatem inventore nihil rem rem. Dolores tempore repellat nam et et. Dolore beatae fugiat optio totam quo ducimus quasi.', 977, 5, 22, '2017-12-09 23:45:03', '2017-12-09 23:45:03'),
(26, 'tempore', 'Et rerum sapiente natus alias voluptas explicabo. Delectus minus recusandae ab dignissimos enim. Velit doloribus culpa quos dignissimos.', 357, 7, 30, '2017-12-09 23:45:03', '2017-12-09 23:45:03'),
(27, 'quam', 'Officia doloribus expedita fugit earum omnis incidunt vel et. Quia possimus deleniti dolore provident. Facere et recusandae voluptate quibusdam eos excepturi incidunt. Doloremque et eos voluptatem voluptatibus suscipit.', 120, 8, 2, '2017-12-09 23:45:03', '2017-12-09 23:45:03'),
(28, 'provident', 'Non libero voluptatem eos repudiandae a corporis illo. Omnis fuga dicta et rerum debitis amet. Atque aliquid voluptatem saepe quisquam quo.', 188, 6, 25, '2017-12-09 23:45:03', '2017-12-09 23:45:03'),
(29, 'nobis', 'Et sunt doloribus cumque veritatis autem voluptas. Commodi asperiores reprehenderit incidunt eaque et magnam et perspiciatis. Debitis est autem nulla sint expedita itaque laudantium. Atque praesentium ea ratione illum consequuntur consequuntur.', 635, 5, 27, '2017-12-09 23:45:03', '2017-12-09 23:45:03'),
(30, 'sed', 'Repellendus illum eveniet laboriosam porro eveniet ut. Eligendi aut facere esse. Sunt id aliquid perferendis repudiandae. Voluptatem minima sint blanditiis illo repellendus et aut. Cupiditate distinctio sit cumque.', 618, 4, 9, '2017-12-09 23:45:03', '2017-12-09 23:45:03'),
(31, 'pariatur', 'Quo temporibus accusamus ratione nostrum optio. Possimus laborum quisquam non sequi animi earum. Iure dolorem in voluptatem autem qui quas deleniti tempora.', 287, 5, 6, '2017-12-09 23:45:03', '2017-12-09 23:45:03'),
(32, 'omnis', 'Ut facere vel praesentium laboriosam rerum laudantium deserunt eos. Nihil sint quia enim qui et impedit. Perspiciatis doloribus optio quos quasi sit quisquam deleniti. Numquam voluptatum harum vel commodi qui.', 872, 0, 11, '2017-12-09 23:45:03', '2017-12-09 23:45:03'),
(33, 'eum', 'Ab et reprehenderit ipsam ipsa harum. Voluptates perspiciatis id rerum eos expedita voluptatibus. Vitae aut autem sint culpa deleniti atque.', 109, 9, 27, '2017-12-09 23:45:03', '2017-12-09 23:45:03'),
(34, 'autem', 'Blanditiis excepturi odio sapiente fuga. Rerum atque fuga dolor nostrum quibusdam. Et sint quas inventore inventore mollitia mollitia. Atque omnis cumque voluptate eum et vel voluptatem.', 820, 3, 11, '2017-12-09 23:45:03', '2017-12-09 23:45:03'),
(35, 'quia', 'Dignissimos natus ut rem. Ex qui tempora et expedita in eligendi iste. Expedita maxime consequatur porro.', 855, 0, 14, '2017-12-09 23:45:03', '2017-12-09 23:45:03'),
(36, 'doloremque', 'Architecto rerum animi quos fugiat. Eum perspiciatis aut amet est. Dolore deserunt voluptatem dignissimos quidem enim totam atque. Repellat omnis eos adipisci vel qui.', 638, 2, 13, '2017-12-09 23:45:03', '2017-12-09 23:45:03'),
(37, 'vitae', 'Nobis labore dicta sequi est qui. Nobis earum error sequi quo. Eos provident possimus nam aperiam dolorem. Dolorem et tempore consequatur delectus est velit.', 798, 3, 14, '2017-12-09 23:45:03', '2017-12-09 23:45:03'),
(38, 'dignissimos', 'Dicta sed consequatur porro fugit nesciunt consequatur. Dolores doloribus aut blanditiis asperiores. Ab quis excepturi aliquam. Perspiciatis vel numquam dolorem consequatur sunt.', 629, 4, 24, '2017-12-09 23:45:03', '2017-12-09 23:45:03'),
(39, 'nobis', 'Recusandae culpa voluptatem qui facere exercitationem mollitia debitis. Doloribus consectetur est fugit quia sunt ex quis in. Architecto quasi autem quasi quaerat cupiditate adipisci. Distinctio voluptatem dolor quam id.', 641, 6, 2, '2017-12-09 23:45:03', '2017-12-09 23:45:03'),
(40, 'ut', 'Impedit fuga perspiciatis optio est. Quo facilis explicabo omnis reiciendis corporis. Enim officiis est voluptatem soluta. Officiis tenetur incidunt impedit sit.', 994, 7, 4, '2017-12-09 23:45:03', '2017-12-09 23:45:03'),
(41, 'dolores', 'Voluptas facilis quam sint. Doloribus et neque dolorem. Omnis reprehenderit minima esse voluptatum ab enim.', 641, 4, 8, '2017-12-09 23:45:03', '2017-12-09 23:45:03'),
(42, 'et', 'Vitae commodi aut accusantium ut eos magni iste ipsam. Ex quam nostrum ipsum. Exercitationem sunt porro id necessitatibus tenetur. Iusto eveniet est voluptatem hic dolor temporibus itaque.', 836, 9, 16, '2017-12-09 23:45:03', '2017-12-09 23:45:03'),
(43, 'ut', 'Atque numquam vel quaerat. Occaecati rerum amet ducimus perspiciatis praesentium cumque recusandae. Dicta voluptates quas veniam voluptatum voluptatem quo.', 948, 4, 3, '2017-12-09 23:45:03', '2017-12-09 23:45:03'),
(44, 'ut', 'Velit omnis odit in aut quasi. Suscipit et amet tempore similique dolores. Rem molestias sed atque quia a.', 629, 0, 10, '2017-12-09 23:45:03', '2017-12-09 23:45:03'),
(45, 'dolorem', 'Magni facere vero culpa accusantium ullam. Ab consequatur sunt at. Aspernatur ut provident nihil. Dicta quod atque eveniet vitae non voluptates.', 945, 6, 30, '2017-12-09 23:45:03', '2017-12-09 23:45:03'),
(46, 'et', 'Soluta doloribus dolores et sequi in. Quia et enim dolor qui. Minus eum optio aspernatur distinctio.', 838, 7, 10, '2017-12-09 23:45:03', '2017-12-09 23:45:03'),
(47, 'qui', 'Magni magnam beatae praesentium rerum quos eos. Totam quis et neque rerum id et temporibus qui. Sequi dolorem ipsum quam nisi nemo minus incidunt.', 664, 1, 16, '2017-12-09 23:45:03', '2017-12-09 23:45:03'),
(48, 'odit', 'Et quam eveniet impedit repellat iusto saepe voluptatem. Esse beatae officia quia ut omnis sunt. Nihil et dolor iste repellendus quisquam.', 137, 1, 6, '2017-12-09 23:45:03', '2017-12-09 23:45:03'),
(49, 'incidunt', 'Quia sed sequi ipsam in asperiores tempora temporibus porro. Nulla eveniet quidem velit aut dolores accusamus sed. Ut nisi voluptatem non ut ut. Accusantium non magnam atque dolorem sed. Perferendis dolorum aut in impedit et earum.', 920, 1, 29, '2017-12-09 23:45:03', '2017-12-09 23:45:03'),
(50, 'ea', 'Labore qui odio pariatur repudiandae voluptas exercitationem. Illum reprehenderit ut voluptas ad et quia earum. Et dolor ullam quia.', 308, 8, 26, '2017-12-09 23:45:03', '2017-12-09 23:45:03');

-- --------------------------------------------------------

--
-- Table structure for table `reviews`
--

DROP TABLE IF EXISTS `reviews`;
CREATE TABLE IF NOT EXISTS `reviews` (
  `id` int(10) UNSIGNED NOT NULL AUTO_INCREMENT,
  `product_id` int(10) UNSIGNED NOT NULL,
  `customer` varchar(191) COLLATE utf8mb4_unicode_ci NOT NULL,
  `review` text COLLATE utf8mb4_unicode_ci NOT NULL,
  `star` int(11) NOT NULL,
  `created_at` timestamp NULL DEFAULT NULL,
  `updated_at` timestamp NULL DEFAULT NULL,
  PRIMARY KEY (`id`),
  KEY `reviews_product_id_index` (`product_id`)
) ENGINE=MyISAM AUTO_INCREMENT=301 DEFAULT CHARSET=utf8mb4 COLLATE=utf8mb4_unicode_ci;

--
-- Dumping data for table `reviews`
--

INSERT INTO `reviews` (`id`, `product_id`, `customer`, `review`, `star`, `created_at`, `updated_at`) VALUES
(1, 50, 'Earline Crist', 'Ad vel eum ut animi mollitia amet vero. Ab et autem corrupti maxime consequatur incidunt minima. Dolorum fugiat nihil iure est neque dolores dolorem facilis.', 4, '2017-12-09 23:45:04', '2017-12-09 23:45:04'),
(2, 18, 'Bridie Feeney Jr.', 'Quam qui rem ea autem incidunt temporibus. Autem porro aut voluptas aut deserunt. Tempore rem aliquam laboriosam aut enim atque laudantium.', 1, '2017-12-09 23:45:04', '2017-12-09 23:45:04'),
(3, 2, 'Mrs. Mona Lakin III', 'Nam architecto reiciendis dolorem itaque veritatis iure repudiandae. Ex soluta ut et voluptates doloremque. Nihil quo aut a. Sint eum quam velit culpa dolorem.', 5, '2017-12-09 23:45:04', '2017-12-09 23:45:04'),
(4, 15, 'Ms. Palma Gleason DDS', 'Sit aut in voluptates minus eveniet natus doloribus. Qui voluptas ut incidunt vitae impedit. Et perferendis tenetur repellendus nihil.', 0, '2017-12-09 23:45:04', '2017-12-09 23:45:04'),
(5, 14, 'Kaya Rosenbaum', 'Adipisci velit saepe aperiam minima officia. Ducimus unde laboriosam qui quia aliquam. Eum est modi laborum magnam exercitationem.', 5, '2017-12-09 23:45:04', '2017-12-09 23:45:04'),
(6, 42, 'Dr. Keagan Wilderman DDS', 'Qui quia sequi quam tenetur nulla. Ad cumque et aut magni dolorem accusantium explicabo laboriosam. Beatae et quidem quia tenetur consequatur rerum suscipit reprehenderit.', 1, '2017-12-09 23:45:04', '2017-12-09 23:45:04'),
(7, 12, 'Shea Pfeffer', 'Error assumenda et sit voluptatibus et tenetur molestiae. Soluta quia suscipit inventore perferendis omnis deserunt. Saepe alias optio tempore reiciendis perferendis adipisci laborum. Voluptatem amet et commodi nemo.', 4, '2017-12-09 23:45:04', '2017-12-09 23:45:04'),
(8, 15, 'Jonathan Gottlieb', 'Laudantium magni vel voluptates. Natus distinctio vel ut qui officiis sunt.', 2, '2017-12-09 23:45:04', '2017-12-09 23:45:04'),
(9, 35, 'Lloyd Considine', 'Est qui dolores aliquam beatae. Quia aliquam doloribus voluptatem ut quia quaerat. Quisquam ullam quis incidunt voluptatibus sit officiis.', 4, '2017-12-09 23:45:04', '2017-12-09 23:45:04'),
(10, 17, 'Ms. Dulce Larson V', 'Dolore totam autem exercitationem earum possimus et distinctio. Veniam facere debitis et aut dolor ea labore enim. Est beatae at deleniti facere deleniti nulla. Ea totam ullam harum.', 0, '2017-12-09 23:45:04', '2017-12-09 23:45:04'),
(11, 46, 'Blake Wiegand V', 'Incidunt et et voluptas similique magni. Amet voluptatum pariatur repellat. Magni quos sunt est nisi qui in. Suscipit quisquam repellendus labore reiciendis ut autem qui nobis.', 5, '2017-12-09 23:45:04', '2017-12-09 23:45:04'),
(12, 29, 'Camryn Cremin', 'Quis quia id qui commodi quis voluptatem qui. Inventore assumenda quas suscipit omnis eum consequatur qui. Vel molestiae ut nulla molestiae.', 1, '2017-12-09 23:45:04', '2017-12-09 23:45:04'),
(13, 24, 'Dr. Loren Zulauf', 'Ratione earum in odio deserunt hic sint doloribus maxime. Dolorem voluptatem distinctio tempora sit reprehenderit. Est beatae molestiae voluptatem vel qui harum. Enim aut architecto quia accusantium sit aut.', 4, '2017-12-09 23:45:04', '2017-12-09 23:45:04'),
(14, 18, 'Dusty Herzog', 'Accusantium est error distinctio aut aut id voluptas. Ut a perspiciatis quod ducimus fuga fugit quia. Consectetur beatae expedita consequatur tenetur natus quasi culpa.', 1, '2017-12-09 23:45:04', '2017-12-09 23:45:04'),
(15, 3, 'Katelin Kub', 'Eos quis aperiam quos sint atque nesciunt ut. Laborum sapiente similique et expedita recusandae et voluptatem. Enim quia et ut esse amet sit.', 2, '2017-12-09 23:45:04', '2017-12-09 23:45:04'),
(16, 6, 'Dr. Rachael Schulist MD', 'Et et consequuntur odio voluptatibus atque ad at. Expedita sint est qui dignissimos vitae laudantium. Vel voluptatem natus voluptas similique fuga. Laboriosam nulla commodi amet tempore laborum. Modi vero sequi et.', 0, '2017-12-09 23:45:04', '2017-12-09 23:45:04'),
(17, 2, 'Keegan Kris', 'Velit sed iste cupiditate et. Ab nobis officia ea. Tempore autem repudiandae nisi dolores error exercitationem.', 1, '2017-12-09 23:45:04', '2017-12-09 23:45:04'),
(18, 47, 'Winona Renner MD', 'Ipsa molestiae vero excepturi temporibus ducimus autem consequatur. Esse architecto rerum nesciunt rerum et nesciunt aut optio. Sint nesciunt inventore numquam ipsa ipsam. Impedit id voluptas perspiciatis voluptas quaerat aspernatur accusantium.', 2, '2017-12-09 23:45:04', '2017-12-09 23:45:04'),
(19, 22, 'Alvera Littel', 'Debitis voluptas magni aut minima voluptates ipsum. Voluptatibus nesciunt voluptatum quas dolorum necessitatibus. Magnam incidunt amet sequi qui molestias.', 1, '2017-12-09 23:45:04', '2017-12-09 23:45:04'),
(20, 25, 'Dr. Daphney Bashirian', 'Et qui veritatis et. Incidunt autem consequuntur culpa reiciendis illum voluptatibus. Dolorem architecto iste alias harum fugit.', 3, '2017-12-09 23:45:04', '2017-12-09 23:45:04'),
(21, 43, 'Prof. Maverick Nikolaus', 'Perferendis minus dolorum illo impedit. Sit voluptatibus perferendis quae qui. Nulla pariatur tenetur numquam quae est omnis eos provident.', 3, '2017-12-09 23:45:04', '2017-12-09 23:45:04'),
(22, 50, 'Ashley Robel', 'Odio repellat fugit voluptatum nisi. Quia eligendi hic aut tempora iste facere omnis. Rem corrupti nisi laboriosam. Sunt et id dolores fuga consequatur sint.', 5, '2017-12-09 23:45:04', '2017-12-09 23:45:04'),
(23, 41, 'Linnea Bernhard', 'Dicta occaecati quia deserunt aut. Ipsa enim consequuntur inventore possimus neque fugit.', 2, '2017-12-09 23:45:04', '2017-12-09 23:45:04'),
(24, 9, 'Garrick Volkman', 'Debitis ut omnis distinctio optio. Facilis deleniti rerum minus. Provident et aperiam tempore ducimus error. Deleniti velit aliquid odio est.', 1, '2017-12-09 23:45:04', '2017-12-09 23:45:04'),
(25, 40, 'Kyla Kassulke', 'Aliquam inventore consequatur tenetur nostrum qui quas et. Voluptatibus numquam ratione libero ut est adipisci aut. Voluptatibus voluptas vel accusamus et aperiam nam.', 0, '2017-12-09 23:45:04', '2017-12-09 23:45:04'),
(26, 13, 'Prof. Jacynthe Bahringer Jr.', 'In numquam sit quam et consectetur. Aliquid provident animi placeat consequatur placeat adipisci id ipsum. Dolore eaque sit voluptatibus autem. Pariatur autem totam rerum ipsum.', 1, '2017-12-09 23:45:04', '2017-12-09 23:45:04'),
(27, 38, 'Mr. Nicolas Wisozk I', 'Quidem et ut eligendi ut aut et sapiente. Laborum in et excepturi eos tempora vitae consequatur. Atque sunt adipisci reprehenderit mollitia.', 5, '2017-12-09 23:45:04', '2017-12-09 23:45:04'),
(28, 44, 'Ms. Courtney Bogan DVM', 'Quo architecto et culpa tenetur autem et quia. Deleniti accusantium qui laboriosam quia dolores molestias. Odit soluta voluptate quos sed voluptas iste nemo.', 5, '2017-12-09 23:45:04', '2017-12-09 23:45:04'),
(29, 18, 'Sabrina Hills', 'Sed officia nam quia et repudiandae. In quibusdam ut et hic pariatur est ut. Ut omnis delectus qui eius praesentium.', 1, '2017-12-09 23:45:04', '2017-12-09 23:45:04'),
(30, 4, 'Sheridan Stokes II', 'Sint culpa vel saepe amet. Quaerat maiores ullam voluptates ipsum rerum eum. Quidem labore rerum rem sint ipsum sequi asperiores omnis. Aut distinctio necessitatibus nesciunt doloremque non non cupiditate.', 2, '2017-12-09 23:45:04', '2017-12-09 23:45:04'),
(31, 13, 'Lorna Stroman', 'Omnis provident quaerat sint aut rerum voluptatem aliquid. Quaerat sint est nam voluptatem cum suscipit. Rerum optio totam exercitationem minus exercitationem. Ipsam quibusdam voluptatem repellat labore voluptas aut.', 4, '2017-12-09 23:45:04', '2017-12-09 23:45:04'),
(32, 24, 'Miss Madeline Hammes', 'Quasi maxime libero hic qui minima. Sint qui est facilis amet. Ducimus unde eligendi vel. Ipsum possimus aut magni beatae. Labore porro et consectetur mollitia molestiae.', 3, '2017-12-09 23:45:04', '2017-12-09 23:45:04'),
(33, 18, 'Myrtie Turcotte', 'Eos in tempore fugiat voluptas. Maxime expedita ipsa culpa voluptas iusto eum. Reprehenderit voluptate asperiores ab minima nesciunt. Sed placeat tempore est enim totam esse natus.', 3, '2017-12-09 23:45:04', '2017-12-09 23:45:04'),
(34, 12, 'Dagmar Rolfson', 'Quasi omnis eius voluptas consequatur accusamus eveniet quibusdam. Ut aspernatur odio doloribus aperiam est vel. Itaque aut quo qui natus. Ex ut quod impedit dolores aut.', 1, '2017-12-09 23:45:04', '2017-12-09 23:45:04'),
(35, 9, 'Erwin Wehner', 'Eos occaecati qui id facilis laudantium. Voluptatem harum eaque in. In dolore dolores eum sed non.', 2, '2017-12-09 23:45:04', '2017-12-09 23:45:04'),
(36, 38, 'Deven Lockman I', 'Dignissimos aliquid incidunt saepe. Est reprehenderit fugit vero voluptatem qui ducimus. A quo saepe soluta molestiae. Error ducimus iusto et dolor quo vel.', 2, '2017-12-09 23:45:04', '2017-12-09 23:45:04'),
(37, 42, 'Beth Collins', 'Sunt magnam sint cumque aut. Consequuntur recusandae dolorem aut repellat dicta. Inventore ab velit accusamus quia. Est possimus voluptatem aut corrupti aperiam omnis illum dolores.', 5, '2017-12-09 23:45:04', '2017-12-09 23:45:04'),
(38, 15, 'Lonnie Ziemann', 'Rerum accusamus non totam sed. Et voluptas hic vel quia voluptatum. Nisi dolorem sed illo asperiores officia.', 2, '2017-12-09 23:45:04', '2017-12-09 23:45:04'),
(39, 2, 'Cecile Berge', 'Quia fuga optio sapiente id aut. Sed labore perspiciatis et amet excepturi incidunt.', 3, '2017-12-09 23:45:04', '2017-12-09 23:45:04'),
(40, 38, 'Dr. Elisa Schmidt III', 'Distinctio quibusdam corrupti consequatur fuga fuga ut. Maiores neque officiis sint est consectetur. Ut voluptatem consequatur dolor suscipit nemo quod molestiae. Doloremque minima voluptatem officia.', 1, '2017-12-09 23:45:04', '2017-12-09 23:45:04'),
(41, 11, 'Prof. Jaquan Schmidt Jr.', 'Cupiditate minima molestias nihil quaerat qui. Veritatis sint quia expedita nulla. Porro in libero modi blanditiis et corporis. Officiis inventore architecto et consectetur quae.', 4, '2017-12-09 23:45:04', '2017-12-09 23:45:04'),
(42, 6, 'Dr. Davon Swaniawski MD', 'Aut sapiente nostrum dolor voluptate maxime ipsa natus. Blanditiis aut alias et quis aspernatur facere. Eligendi numquam est officia.', 3, '2017-12-09 23:45:04', '2017-12-09 23:45:04'),
(43, 40, 'Madison Johnston', 'Voluptatibus accusamus quam magni impedit. Accusamus et sit nesciunt similique recusandae magnam placeat. Eaque eos nulla occaecati architecto minima facere ut.', 1, '2017-12-09 23:45:04', '2017-12-09 23:45:04'),
(44, 37, 'Ms. Berniece Miller', 'A qui voluptatem a iste animi doloremque omnis. Quis sunt expedita non repellendus alias optio exercitationem. Enim dolores neque deleniti tenetur animi quas quia.', 5, '2017-12-09 23:45:04', '2017-12-09 23:45:04'),
(45, 33, 'Jamie Weber', 'Provident nisi ipsa quibusdam. Quia voluptatibus dolores animi necessitatibus. Doloremque reiciendis dolores aut cumque dolor quis.', 4, '2017-12-09 23:45:04', '2017-12-09 23:45:04'),
(46, 18, 'Alisha Schultz', 'Totam quidem nostrum voluptatem placeat quisquam qui incidunt. Commodi doloribus distinctio non voluptas. Itaque aut et minus a.', 5, '2017-12-09 23:45:04', '2017-12-09 23:45:04'),
(47, 26, 'Dr. Dameon Bruen', 'At consequatur quis quo recusandae. Est ut accusantium quasi aut. Inventore enim accusantium quaerat consequatur aut. Labore sunt magni qui at sunt ullam doloremque.', 3, '2017-12-09 23:45:04', '2017-12-09 23:45:04'),
(48, 3, 'Helena Bartoletti', 'Provident ut tenetur expedita sint. Vel ab consequatur nemo cupiditate. Omnis distinctio qui quos quis numquam debitis. Suscipit laborum est fuga alias.', 0, '2017-12-09 23:45:04', '2017-12-09 23:45:04'),
(49, 41, 'Dr. Margot Kuphal', 'Ut mollitia explicabo quo et. Cum suscipit sunt vero accusamus distinctio qui illum. Dolorum eaque eius et inventore praesentium. Ratione necessitatibus qui occaecati.', 3, '2017-12-09 23:45:04', '2017-12-09 23:45:04'),
(50, 45, 'Violette O\'Hara PhD', 'Totam repellat nisi aperiam est et. Officia sunt consequatur sed sint sed esse perspiciatis. Aspernatur pariatur dicta ipsam asperiores odit optio. Accusamus eos quod sunt quia. Delectus asperiores deleniti incidunt deserunt rerum.', 0, '2017-12-09 23:45:04', '2017-12-09 23:45:04'),
(51, 4, 'Dr. Jewell Davis DDS', 'Cumque quia voluptatem ex ducimus id. Deleniti dicta ut minus eos fugiat incidunt. Ad repellendus impedit aut.', 5, '2017-12-09 23:45:04', '2017-12-09 23:45:04'),
(52, 26, 'Ms. Maritza Okuneva', 'Voluptate suscipit quia quae mollitia ut voluptatem. Vitae aliquid cupiditate voluptatem rerum.', 4, '2017-12-09 23:45:04', '2017-12-09 23:45:04'),
(53, 39, 'Dr. Isidro Stokes IV', 'Asperiores animi sed id voluptatem ut quidem. Velit consequatur consequatur illum unde.', 3, '2017-12-09 23:45:04', '2017-12-09 23:45:04'),
(54, 16, 'Ms. Margaret Johns', 'Excepturi et vel autem expedita. Occaecati sapiente cumque ratione est quam aut quia. Velit laboriosam saepe animi tempore quaerat commodi. Expedita quas dolores voluptas unde nihil.', 3, '2017-12-09 23:45:04', '2017-12-09 23:45:04'),
(55, 46, 'Elmore Fritsch', 'Asperiores ut consectetur minus architecto consequatur eos harum quo. Repellendus quaerat ex veritatis repellendus eligendi ducimus. Nostrum sunt minima quisquam porro. Dolores voluptatibus sit ut et quaerat sapiente doloribus autem. Voluptas reprehenderit veniam quasi nihil ipsam.', 4, '2017-12-09 23:45:04', '2017-12-09 23:45:04'),
(56, 12, 'Joesph Osinski DVM', 'Veniam quibusdam cupiditate optio vel. Quidem sapiente voluptas aut explicabo eveniet in et eius. Magnam voluptas optio omnis quaerat qui molestiae esse. Maiores iusto aut voluptas.', 2, '2017-12-09 23:45:04', '2017-12-09 23:45:04'),
(57, 48, 'Beatrice Spinka', 'Cupiditate aut dolorum laborum. Minima dolor saepe doloribus reiciendis ipsum tenetur omnis. Id facere laborum qui molestiae. Perferendis mollitia hic officiis est in.', 2, '2017-12-09 23:45:04', '2017-12-09 23:45:04'),
(58, 34, 'Kylee Jakubowski', 'Cumque qui eaque vitae at et inventore. Ipsam labore est quae atque sint porro nesciunt. Quos quod exercitationem cumque voluptas veritatis.', 1, '2017-12-09 23:45:04', '2017-12-09 23:45:04'),
(59, 4, 'Lonnie Bode PhD', 'Pariatur deleniti vitae eius et dolores. Doloremque quis sequi corporis et qui veritatis autem quae. Dolor quia delectus animi sapiente. Similique laboriosam ipsam iste dicta quia.', 2, '2017-12-09 23:45:04', '2017-12-09 23:45:04'),
(60, 40, 'Kaylie Lang', 'Officia eligendi repellendus minima delectus occaecati. Molestias cum consequatur quia nostrum. Amet vitae aliquam sed non ratione illum harum. Est ex culpa et repellat nostrum facilis in labore.', 4, '2017-12-09 23:45:04', '2017-12-09 23:45:04'),
(61, 29, 'Kelsi Ortiz', 'Voluptate quaerat quod cupiditate voluptatem molestiae non. Laborum et est debitis rem vel voluptas adipisci et.', 2, '2017-12-09 23:45:04', '2017-12-09 23:45:04'),
(62, 17, 'Sylvester Ebert', 'Amet doloremque voluptatem perspiciatis dolor. Veritatis nihil maiores magnam ut error.', 4, '2017-12-09 23:45:04', '2017-12-09 23:45:04'),
(63, 36, 'Dixie Hessel', 'Mollitia sint cumque numquam omnis minus. Est et iste vero exercitationem dolores rerum voluptatibus. Nobis sit qui et eligendi quia id.', 4, '2017-12-09 23:45:04', '2017-12-09 23:45:04'),
(64, 31, 'Nina Hickle DVM', 'Magni vel dolorum consequatur vero rerum. Id non ut et est. Provident voluptate officiis tenetur quis rerum. Fugiat totam nihil iste vero et cupiditate.', 3, '2017-12-09 23:45:04', '2017-12-09 23:45:04'),
(65, 47, 'Lexie Pagac', 'Ut excepturi qui deserunt dignissimos velit maiores sint. Quidem adipisci nostrum iure ex qui. Consequatur et adipisci ut et enim debitis.', 5, '2017-12-09 23:45:04', '2017-12-09 23:45:04'),
(66, 5, 'Vivian Senger', 'Nihil vero quo sit odit. Ratione enim quisquam esse quo rerum. Nulla nam alias est non non sunt voluptatem optio.', 2, '2017-12-09 23:45:04', '2017-12-09 23:45:04'),
(67, 45, 'Ms. Madelyn Carroll MD', 'Voluptas et et ut temporibus. Nostrum enim recusandae atque autem.', 2, '2017-12-09 23:45:04', '2017-12-09 23:45:04'),
(68, 14, 'Prof. Jaqueline Dach', 'Adipisci nihil consequatur deleniti aut asperiores non aut. Itaque quia sed eaque consequatur architecto aut. Odit eaque incidunt error repellendus.', 4, '2017-12-09 23:45:04', '2017-12-09 23:45:04'),
(69, 45, 'Nichole Schowalter I', 'Iusto repudiandae non accusamus aspernatur enim corporis sequi aut. Nihil dolor nesciunt quisquam. Dolor consequatur totam placeat. Ut reiciendis eum et aut quas.', 5, '2017-12-09 23:45:04', '2017-12-09 23:45:04'),
(70, 22, 'Emmett Mueller', 'Officia esse qui recusandae deleniti distinctio et optio. Dolorem iste labore sit ducimus.', 4, '2017-12-09 23:45:04', '2017-12-09 23:45:04'),
(71, 28, 'Darby Dickinson MD', 'Harum magni est asperiores excepturi fugiat laboriosam reiciendis. Non explicabo ullam accusantium sed. Omnis debitis deserunt rerum ipsum quia magni corporis placeat. Soluta voluptate quidem cupiditate doloribus.', 2, '2017-12-09 23:45:04', '2017-12-09 23:45:04'),
(72, 17, 'Dortha Kuhlman', 'Quis non sit voluptates est natus. Quas architecto voluptas rerum magni sed. Temporibus beatae in nemo odio expedita porro fugit quia. Qui qui aliquam repellendus amet sit fuga.', 5, '2017-12-09 23:45:04', '2017-12-09 23:45:04'),
(73, 36, 'Breanne Hintz', 'Quasi provident ipsa voluptates repellat in. Et reiciendis qui earum dolor accusamus magni incidunt.', 1, '2017-12-09 23:45:04', '2017-12-09 23:45:04'),
(74, 6, 'Karolann Lind', 'Dolores mollitia aut reprehenderit vero nam facere est. Excepturi nisi odit laudantium nihil dicta voluptas. Quia dolorem quam aut autem officia architecto occaecati. Vel voluptatem ipsum voluptatem eius ipsum temporibus.', 0, '2017-12-09 23:45:04', '2017-12-09 23:45:04'),
(75, 14, 'Kyler Ward', 'Inventore explicabo quia aut. Dolorem cum consectetur autem autem hic. Optio et sunt neque vel qui eum temporibus.', 5, '2017-12-09 23:45:04', '2017-12-09 23:45:04'),
(76, 13, 'Jameson Rodriguez', 'Quas eum incidunt suscipit optio. Vero vero officia debitis doloribus deserunt quos et. Corrupti unde sunt adipisci autem. Consequatur laudantium est veniam id ullam quo.', 3, '2017-12-09 23:45:04', '2017-12-09 23:45:04'),
(77, 36, 'Jamaal Braun', 'Perspiciatis optio aliquam possimus est repellendus molestiae reiciendis voluptatem. Modi quaerat sunt modi modi sunt amet. Sequi fuga ut est sint.', 2, '2017-12-09 23:45:04', '2017-12-09 23:45:04'),
(78, 25, 'Marlin Bogisich DVM', 'Repellendus eaque commodi ipsa. Sunt dolores velit et animi. Est tempora qui autem aut earum.', 0, '2017-12-09 23:45:04', '2017-12-09 23:45:04'),
(79, 45, 'Mr. Rowland Schultz DVM', 'Consectetur pariatur et rerum voluptates voluptatibus sequi at. Ut deleniti sed aliquam reprehenderit ut a molestiae. Culpa veniam quia placeat quis.', 3, '2017-12-09 23:45:04', '2017-12-09 23:45:04'),
(80, 37, 'Matt Moore', 'Occaecati cum et sit deserunt omnis cum. Excepturi cupiditate enim aut reiciendis magnam voluptas. Distinctio nulla dolorum at ut illo minima qui rerum. Est sequi rem qui cumque quibusdam.', 4, '2017-12-09 23:45:04', '2017-12-09 23:45:04'),
(81, 30, 'Alvah Morissette', 'Labore consequatur non neque sunt sed ipsam. Mollitia nemo consequatur totam et. Placeat possimus harum consequatur nulla ratione aut. Doloribus et ipsam quia et minima incidunt commodi id.', 0, '2017-12-09 23:45:04', '2017-12-09 23:45:04'),
(82, 13, 'Amani Connelly', 'Nihil aut officia minus cumque voluptas unde itaque. Eveniet illo aliquid ad necessitatibus eius provident. Consequatur ut cupiditate aut et.', 4, '2017-12-09 23:45:04', '2017-12-09 23:45:04'),
(83, 22, 'Therese Schuppe', 'Aut quo harum qui quia porro et. Eaque hic quasi est optio nisi. Sit illum ut et odit. Qui error dolor quo debitis ut aut laudantium saepe. Quam enim facere sed id molestiae.', 1, '2017-12-09 23:45:04', '2017-12-09 23:45:04'),
(84, 7, 'Dolores Heidenreich', 'Est repudiandae in mollitia iure. Animi quisquam reiciendis quisquam modi sunt expedita. Molestiae a sequi incidunt quasi eveniet nulla esse.', 5, '2017-12-09 23:45:04', '2017-12-09 23:45:04'),
(85, 50, 'Eileen Christiansen', 'Molestiae et optio rerum qui cupiditate similique vitae facere. Eum recusandae eum corrupti aspernatur. Eaque qui occaecati est rerum.', 2, '2017-12-09 23:45:04', '2017-12-09 23:45:04'),
(86, 50, 'Alfonso Torphy', 'Asperiores qui dolores vero maxime dolorum quo. Tempora iste voluptas ea odio illo id est ad. Placeat rem temporibus error non et est. Voluptatibus aut ut iusto voluptatem qui a rerum sed. Recusandae nobis aut id quo maxime hic enim.', 5, '2017-12-09 23:45:04', '2017-12-09 23:45:04'),
(87, 43, 'Dr. Vida Franecki MD', 'Voluptatum omnis veritatis deleniti rerum debitis ullam. Minima rerum facilis ut tenetur. Accusantium qui aspernatur quia doloribus nihil. Consectetur enim commodi nesciunt rem qui deleniti.', 5, '2017-12-09 23:45:04', '2017-12-09 23:45:04'),
(88, 1, 'Zane Dibbert', 'Dolorum dolore assumenda quis autem ut aspernatur et. Eos expedita est ipsam corrupti id. Dolorum quas maxime sit.', 3, '2017-12-09 23:45:04', '2017-12-09 23:45:04'),
(89, 41, 'Enrique Nader', 'Nulla esse ut ut id. Qui quis quia consectetur saepe. Hic amet similique doloribus maiores. Vel deserunt quia illo hic.', 1, '2017-12-09 23:45:04', '2017-12-09 23:45:04'),
(90, 43, 'Regan Daniel', 'Laborum qui minima praesentium asperiores rerum dolores. Tempora quod cum incidunt maxime est. Et quisquam rerum pariatur aperiam est sit animi est. Et nam sequi quidem nostrum aliquam qui ut. Quia blanditiis saepe velit adipisci porro ipsum.', 5, '2017-12-09 23:45:04', '2017-12-09 23:45:04'),
(91, 1, 'Zola Buckridge', 'Dolores voluptatibus iste est nam iste similique rerum. Voluptas nulla error repellendus unde. Recusandae ipsam sunt rerum dignissimos.', 5, '2017-12-09 23:45:04', '2017-12-09 23:45:04'),
(92, 44, 'Jeromy Rath', 'Qui eum aut alias et iure quia necessitatibus. Harum quis quas est sit adipisci.', 3, '2017-12-09 23:45:04', '2017-12-09 23:45:04'),
(93, 12, 'Ms. Daisha Armstrong', 'Incidunt harum neque amet dolor. Nihil doloribus et architecto. Pariatur voluptas blanditiis non dolores. Aut et beatae repudiandae qui totam.', 5, '2017-12-09 23:45:04', '2017-12-09 23:45:04'),
(94, 21, 'Darien Bernhard', 'Molestias maiores iste consequuntur iusto et. Corporis accusamus eaque aut distinctio. Non veritatis voluptatem id eum est.', 0, '2017-12-09 23:45:04', '2017-12-09 23:45:04'),
(95, 50, 'Prof. Mikayla Klein', 'Voluptatem optio nemo dicta quos vero aut est. Sit dolorem dolor saepe cupiditate ea ex. Sint rerum aspernatur deleniti harum corrupti veniam. Eaque provident occaecati natus dolor. Dolores deserunt autem aperiam ut vero illum id voluptas.', 5, '2017-12-09 23:45:04', '2017-12-09 23:45:04'),
(96, 10, 'Rosanna Zieme Sr.', 'Quis dolorem sed dolore rerum id iure. Dolores ullam hic modi earum assumenda. Culpa aut quis cupiditate reiciendis.', 1, '2017-12-09 23:45:04', '2017-12-09 23:45:04'),
(97, 39, 'Miss Verda Emard III', 'Id voluptas ut porro voluptatem autem delectus. Blanditiis est sed nihil quo facere vero earum quo. Quisquam atque sequi sint consequatur et eveniet amet. Qui et adipisci eligendi atque ea sapiente accusamus.', 2, '2017-12-09 23:45:04', '2017-12-09 23:45:04'),
(98, 2, 'Eunice Quitzon', 'Accusantium numquam sed neque reprehenderit explicabo optio expedita impedit. Corrupti omnis autem dolores eligendi. Facilis molestiae consectetur placeat iste nostrum. Sed et quia temporibus non.', 5, '2017-12-09 23:45:04', '2017-12-09 23:45:04'),
(99, 16, 'Teresa Schimmel', 'Eum numquam impedit saepe laborum corporis qui cum molestias. Voluptas et veritatis repudiandae nobis sint. Blanditiis molestiae enim expedita enim voluptas molestias saepe.', 5, '2017-12-09 23:45:04', '2017-12-09 23:45:04'),
(100, 25, 'Myrl Feeney', 'Pariatur sit dicta sit quasi ut ad est. Quos iure nobis repudiandae eligendi voluptate. Veritatis incidunt quos et magni rerum dicta officiis. Voluptas deleniti provident amet et harum.', 2, '2017-12-09 23:45:04', '2017-12-09 23:45:04'),
(101, 11, 'Mr. Antwan Hilpert II', 'Libero est laboriosam consequatur est ea. Culpa velit eveniet ut adipisci. Dignissimos quia totam doloribus et quae. Ducimus est nesciunt et voluptate amet.', 2, '2017-12-09 23:45:04', '2017-12-09 23:45:04'),
(102, 49, 'Dr. Corene Quitzon', 'Quis sit vero quo ut dolores beatae voluptates. Ullam tempore dicta qui sit soluta architecto. Nulla aliquam asperiores qui distinctio quo. Quia iusto et quisquam voluptates animi.', 0, '2017-12-09 23:45:04', '2017-12-09 23:45:04'),
(103, 36, 'Carolyne Kub', 'Laboriosam pariatur architecto animi qui sed eius consequatur. Iure quod dolores cum vitae ipsum deleniti. Omnis dolor non cupiditate recusandae nihil et.', 0, '2017-12-09 23:45:04', '2017-12-09 23:45:04'),
(104, 27, 'Jermaine Borer', 'Quis optio autem omnis et quasi. Rerum veritatis numquam modi. Ratione quisquam hic soluta sed similique consectetur incidunt perspiciatis. Eligendi officiis repellendus qui veniam enim exercitationem.', 4, '2017-12-09 23:45:04', '2017-12-09 23:45:04'),
(105, 17, 'Jettie Casper', 'Eveniet exercitationem odio rem neque qui debitis eius. Eos consequatur quasi sed quis qui quae doloribus. Doloribus provident ad dignissimos eligendi. Officiis placeat laboriosam et omnis dolorum ullam. Cumque id eos odio dolor.', 4, '2017-12-09 23:45:04', '2017-12-09 23:45:04'),
(106, 45, 'Bradly Emard', 'Delectus magni aut doloribus in officia officiis corrupti temporibus. Quisquam dolor facilis ut excepturi ad aut culpa. Eum in reiciendis neque quis. Vel nobis ut expedita praesentium.', 2, '2017-12-09 23:45:04', '2017-12-09 23:45:04'),
(107, 22, 'Constance Gutkowski', 'Ducimus vel ab minima sed ut qui et. Voluptatem facere et reprehenderit officia. Qui laboriosam est ea atque. Omnis qui deleniti recusandae voluptatem.', 1, '2017-12-09 23:45:04', '2017-12-09 23:45:04'),
(108, 49, 'Adele Homenick', 'Id expedita quis et quidem excepturi. Velit incidunt quisquam quis doloribus numquam et distinctio. Similique eum qui aut incidunt.', 4, '2017-12-09 23:45:04', '2017-12-09 23:45:04'),
(109, 46, 'Brandt Padberg', 'Et id consequatur eius fuga tempore dolorum perspiciatis. Laboriosam voluptates laboriosam harum culpa aspernatur impedit qui ex. Dolores consectetur ratione vel ab. A et fugit voluptatem reiciendis.', 2, '2017-12-09 23:45:04', '2017-12-09 23:45:04'),
(110, 15, 'Malvina Parisian', 'Porro ut eos temporibus ab modi ea. Sunt ab non dolor dolorem. Repudiandae est asperiores maxime minima sequi voluptas.', 0, '2017-12-09 23:45:04', '2017-12-09 23:45:04'),
(111, 14, 'Jefferey Armstrong', 'Rerum at quia amet explicabo qui animi qui. Temporibus natus illo ea libero. Assumenda eaque aspernatur odio nobis modi ullam quos. Tempora consectetur rerum officiis omnis cupiditate nobis.', 2, '2017-12-09 23:45:04', '2017-12-09 23:45:04'),
(112, 43, 'Bell Douglas', 'Nesciunt non neque sunt necessitatibus eos aut quis. Et porro eos consequatur adipisci iste dolores. Facere hic aliquam minima ad. Alias sit possimus ratione voluptatum iure in.', 4, '2017-12-09 23:45:04', '2017-12-09 23:45:04'),
(113, 27, 'Royce Herzog', 'Corrupti explicabo voluptas vel sed vero magni quaerat. Id et placeat illo delectus dolor quaerat. Ducimus repudiandae provident nam harum aut. Aliquid inventore iure optio quia est consequatur expedita.', 4, '2017-12-09 23:45:04', '2017-12-09 23:45:04'),
(114, 41, 'Era Goodwin', 'Est quaerat vero reprehenderit natus incidunt illo. Beatae earum autem officiis architecto ipsum eum autem vero. Blanditiis et aspernatur mollitia distinctio in.', 1, '2017-12-09 23:45:04', '2017-12-09 23:45:04'),
(115, 28, 'Marion Reinger', 'Qui explicabo sunt in blanditiis. Maxime aut voluptatibus officia sed ut sequi fugit. Qui rem deserunt voluptatum dolor suscipit autem sint. Minus quisquam magni maiores ullam quo earum dolores. Saepe quibusdam voluptatum illo unde.', 1, '2017-12-09 23:45:04', '2017-12-09 23:45:04'),
(116, 25, 'Rosamond Huels', 'Quibusdam doloremque cumque ratione dicta itaque ut. Ipsum autem corporis corrupti. A ut autem blanditiis necessitatibus quam quia asperiores fugit.', 2, '2017-12-09 23:45:04', '2017-12-09 23:45:04'),
(117, 26, 'Elinor Nader PhD', 'Est quibusdam molestiae id mollitia voluptas. Excepturi molestias incidunt laborum repellat. Dolor dolorum ut commodi hic dicta repellendus culpa et. Ullam labore sunt sunt nesciunt.', 2, '2017-12-09 23:45:04', '2017-12-09 23:45:04'),
(118, 12, 'Helga Jacobs V', 'Officiis commodi natus tempora totam corporis excepturi. Modi molestiae repudiandae consequatur. In in sed ex atque est dolores. Minima ut nulla nulla ipsum accusantium ut.', 2, '2017-12-09 23:45:04', '2017-12-09 23:45:04'),
(119, 6, 'Raymundo Purdy', 'Non ducimus quasi quam ut dolor et. Id aliquam cupiditate eveniet nam. Aut velit dolore voluptas aut quod eum delectus.', 5, '2017-12-09 23:45:04', '2017-12-09 23:45:04'),
(120, 16, 'Genesis Gaylord Sr.', 'Expedita laboriosam temporibus sequi delectus consectetur voluptatem libero. Et corrupti consectetur corrupti veritatis rerum sunt. Accusamus rerum veritatis ut et velit officia.', 0, '2017-12-09 23:45:04', '2017-12-09 23:45:04'),
(121, 7, 'Mr. Marcellus Kuhlman', 'Expedita quis laudantium doloremque quia. Omnis aut voluptas est velit nemo quia dolorem. Nam nemo labore ut laudantium nemo expedita. Placeat dicta qui id amet velit ipsam. Velit debitis eius quo iste tempora quidem expedita.', 1, '2017-12-09 23:45:04', '2017-12-09 23:45:04'),
(122, 26, 'Garrick Kling', 'Vitae dolorem voluptatem voluptatem rerum expedita. Magnam a ab ipsum esse. Itaque perspiciatis quod doloremque.', 5, '2017-12-09 23:45:04', '2017-12-09 23:45:04'),
(123, 47, 'Elmer Dare', 'Accusamus debitis velit rerum id optio. Est est dolor quod qui doloremque. Eveniet id nesciunt ducimus enim sunt iste.', 4, '2017-12-09 23:45:04', '2017-12-09 23:45:04'),
(124, 11, 'Jailyn Sawayn', 'Voluptas aliquam amet incidunt eos optio voluptates. Ut enim repudiandae minus et adipisci repudiandae modi. Optio hic sit repellendus nostrum cupiditate.', 4, '2017-12-09 23:45:04', '2017-12-09 23:45:04'),
(125, 42, 'Devon Nienow DVM', 'Voluptatibus dolore ad tenetur. Earum illo omnis est libero. Est aliquam ipsum quia sint architecto. Ut sunt quia repellat reiciendis enim.', 0, '2017-12-09 23:45:04', '2017-12-09 23:45:04'),
(126, 3, 'Mrs. Kristy Hauck', 'Qui natus labore accusantium sit odio molestias. Et sint tempore adipisci dolorem dolor aut. Blanditiis consequatur quisquam quod velit quibusdam provident. Ea accusantium voluptatem deserunt aspernatur corporis.', 4, '2017-12-09 23:45:04', '2017-12-09 23:45:04'),
(127, 28, 'Benny Stehr', 'Eos quo in corporis autem qui. Aliquam corporis sint debitis iste aperiam sed accusamus. Hic alias cupiditate aperiam dolorum rem voluptas eveniet. Omnis quam dolor eaque id veritatis eum.', 3, '2017-12-09 23:45:04', '2017-12-09 23:45:04'),
(128, 3, 'Kenna Cremin', 'Quia officia amet maiores odit. Dolorum officia totam maiores amet id aliquid saepe. Harum quia odio rerum velit id voluptatem.', 3, '2017-12-09 23:45:04', '2017-12-09 23:45:04'),
(129, 22, 'Maurine Braun', 'Rerum deleniti natus fuga. Corporis nulla laboriosam quaerat ut quis. Est sit earum quibusdam autem. Nostrum tempora aliquam eaque illo qui expedita. Nihil dignissimos ut voluptates expedita nisi beatae.', 5, '2017-12-09 23:45:04', '2017-12-09 23:45:04'),
(130, 42, 'King Rowe PhD', 'Voluptate illum aut eius vel et. Molestias optio et reprehenderit animi accusamus quam rerum. Recusandae deserunt laborum totam soluta ducimus. Repellat ea molestiae omnis. Id et corporis possimus blanditiis reprehenderit fugiat.', 2, '2017-12-09 23:45:04', '2017-12-09 23:45:04'),
(131, 16, 'Sebastian Quigley', 'Rerum ea quod mollitia enim. Atque praesentium ut eos molestiae. Consequatur fuga omnis et autem neque aut. Facilis deserunt voluptate sunt tempore rerum odit.', 1, '2017-12-09 23:45:04', '2017-12-09 23:45:04'),
(132, 34, 'Laney Bechtelar', 'Quia nemo mollitia rerum tempora rem itaque. A eligendi veritatis dolor reiciendis. Iusto ipsum deserunt architecto ut. Voluptas rerum commodi repellendus dolorem ex ullam quos. Saepe iusto blanditiis occaecati.', 1, '2017-12-09 23:45:04', '2017-12-09 23:45:04'),
(133, 38, 'Gretchen Morissette V', 'Et et error temporibus consequuntur est. Adipisci sit suscipit sunt. Dolor ut optio tempora voluptatem saepe. Laborum omnis reiciendis rem exercitationem ipsam facilis et repudiandae.', 3, '2017-12-09 23:45:04', '2017-12-09 23:45:04'),
(134, 15, 'Bo Murazik', 'Consequatur tenetur dolorum repudiandae quibusdam. Fugit voluptatem molestiae et ab quas. Mollitia quis non nihil non aut atque. Sit quo vel voluptas ad facilis numquam.', 1, '2017-12-09 23:45:04', '2017-12-09 23:45:04'),
(135, 8, 'Carlotta O\'Kon', 'Autem aut accusamus nobis consequatur architecto rerum. Laudantium cumque praesentium aut. Consequatur qui commodi consequatur enim quidem dicta tempora possimus.', 1, '2017-12-09 23:45:04', '2017-12-09 23:45:04'),
(136, 40, 'Mr. Tyrel Schuppe MD', 'Blanditiis nam itaque sint at cum vitae quia. Eveniet quos natus ut numquam incidunt non. Vel vero architecto id doloribus magni perferendis ad. Assumenda alias eius quis ea qui.', 4, '2017-12-09 23:45:04', '2017-12-09 23:45:04'),
(137, 41, 'Mrs. Savanah Watsica DDS', 'Optio expedita molestiae incidunt et. Asperiores est ipsam quis officiis perferendis quo rerum. Dicta placeat consequatur dolor alias.', 0, '2017-12-09 23:45:04', '2017-12-09 23:45:04'),
(138, 26, 'April Emard V', 'Dolores sapiente nemo provident dolor officia adipisci laboriosam. Voluptate deserunt quisquam et rem. Quo ipsum beatae laboriosam vitae veritatis.', 2, '2017-12-09 23:45:04', '2017-12-09 23:45:04'),
(139, 3, 'Mr. Milo Hauck V', 'Cum commodi accusamus ut repudiandae aut. Et voluptatum incidunt molestiae natus amet. Nemo ipsa voluptatibus nulla et natus.', 5, '2017-12-09 23:45:04', '2017-12-09 23:45:04'),
(140, 47, 'Antoinette Zieme', 'Officiis perspiciatis quos architecto cum consequatur rerum. Voluptas id non sit quis repellat recusandae. Corporis vel vero praesentium officia saepe cum voluptas.', 3, '2017-12-09 23:45:04', '2017-12-09 23:45:04'),
(141, 41, 'Kennith Wiza', 'Fuga quibusdam numquam nisi perspiciatis consequatur distinctio animi. Sunt possimus voluptatum quia est eaque exercitationem cupiditate. Voluptate quas sit optio eum.', 0, '2017-12-09 23:45:04', '2017-12-09 23:45:04'),
(142, 48, 'Adrienne Grady', 'Nesciunt tempore natus eum. Accusamus tempora quo exercitationem quam quo. Libero sapiente officiis eveniet ipsam et labore. Omnis dolorem et excepturi quia.', 4, '2017-12-09 23:45:04', '2017-12-09 23:45:04'),
(143, 6, 'Adalberto Nader', 'Temporibus cumque beatae unde et. Animi velit ea temporibus exercitationem assumenda. Nisi quibusdam sunt quasi aut incidunt.', 5, '2017-12-09 23:45:04', '2017-12-09 23:45:04'),
(144, 25, 'Stefanie Lubowitz', 'Ex neque a enim. Et et velit libero ea dolores corporis quo. Ullam numquam dolorem quam repellendus aut quia.', 2, '2017-12-09 23:45:04', '2017-12-09 23:45:04'),
(145, 19, 'Helga Kautzer', 'Laborum eveniet nihil omnis repudiandae qui id et. Sit numquam est sint doloribus vitae et. Quis libero doloribus fugit quia aliquid nemo et tempore.', 2, '2017-12-09 23:45:04', '2017-12-09 23:45:04'),
(146, 18, 'Mr. Nolan Haag MD', 'Qui rem quia eius expedita qui. Atque dicta itaque aut consequatur a. Quo est ad earum est pariatur non blanditiis. Voluptates enim repellendus ut cumque nostrum voluptas.', 0, '2017-12-09 23:45:04', '2017-12-09 23:45:04'),
(147, 47, 'Hipolito Turcotte DVM', 'Dolor veritatis et quae reprehenderit tenetur itaque est. Reiciendis sequi voluptas quam cupiditate fugit totam eveniet. Quam quisquam et ex sapiente qui voluptas.', 5, '2017-12-09 23:45:04', '2017-12-09 23:45:04'),
(148, 16, 'Ms. Sheila Blick', 'Cupiditate unde ipsa veritatis et ab minima. Exercitationem dolores dolor quisquam maiores. Ipsa harum eius perferendis dicta corporis sint sed.', 4, '2017-12-09 23:45:04', '2017-12-09 23:45:04'),
(149, 11, 'Luella Homenick', 'Distinctio sit dolorum perferendis ipsam excepturi. Omnis earum tenetur itaque rerum sed. Recusandae enim aliquid voluptates possimus. Ut nemo et quidem aut assumenda.', 4, '2017-12-09 23:45:04', '2017-12-09 23:45:04'),
(150, 35, 'Ms. Ayla Smith', 'Fugiat ex temporibus aut qui. Magni magnam nulla sit quisquam. Odio quas odio quaerat aut quis expedita. Sequi mollitia esse ut ex odio labore.', 1, '2017-12-09 23:45:04', '2017-12-09 23:45:04'),
(151, 15, 'Dr. Arnaldo Champlin IV', 'Ea dolorem qui et illo veritatis rerum. Non omnis omnis et ut.', 4, '2017-12-09 23:45:04', '2017-12-09 23:45:04'),
(152, 2, 'Jackeline Sawayn', 'Quod illo tempore necessitatibus et non minima amet. Omnis adipisci aliquid non est alias inventore. Suscipit error magni quis ipsa quia accusantium exercitationem. Modi id corporis quasi sint alias provident.', 2, '2017-12-09 23:45:04', '2017-12-09 23:45:04'),
(153, 5, 'Karli Dietrich', 'Quia voluptatem dolore voluptas. Autem voluptatum ea est autem. Dolorem velit aut similique. Accusamus et ipsa et.', 5, '2017-12-09 23:45:04', '2017-12-09 23:45:04'),
(154, 5, 'Robb Spinka PhD', 'Voluptates cum nobis similique sit. Sint quia corporis exercitationem voluptatum.', 2, '2017-12-09 23:45:04', '2017-12-09 23:45:04'),
(155, 23, 'Layne Abbott', 'Inventore praesentium vel non error ut modi. Iure exercitationem commodi eius consequatur repellat et. Dicta aut debitis nihil tempora eum. Eveniet sed blanditiis rerum asperiores atque inventore rerum.', 5, '2017-12-09 23:45:04', '2017-12-09 23:45:04'),
(156, 17, 'Jarrett Satterfield IV', 'Sed et dignissimos consequatur nam non. Nulla ut accusamus quis deleniti ab. Aut similique dicta saepe tempora. Ratione quod quia minus tenetur voluptatum.', 0, '2017-12-09 23:45:04', '2017-12-09 23:45:04'),
(157, 46, 'Dr. Evie Skiles I', 'Voluptatem occaecati quos vel quasi veritatis minima occaecati dolorem. Magni minima nisi commodi ratione. Voluptatem illum veritatis quas quia illo. Expedita tenetur consequuntur eos.', 3, '2017-12-09 23:45:04', '2017-12-09 23:45:04'),
(158, 5, 'Prof. Giles Deckow', 'Quia illum consequatur et. Autem ut consequuntur sint saepe. Nihil explicabo dolore cupiditate voluptas voluptas iusto. Similique doloribus quibusdam aut corrupti minus non quo corrupti.', 1, '2017-12-09 23:45:04', '2017-12-09 23:45:04'),
(159, 5, 'Jerry Olson MD', 'Enim fugit dolores ea consectetur aliquam cumque eum. Quia non necessitatibus rerum quas molestiae. Reiciendis nostrum eum molestias blanditiis.', 2, '2017-12-09 23:45:04', '2017-12-09 23:45:04'),
(160, 34, 'Tierra Parker', 'Rerum impedit sint facilis et consequatur sapiente. Cumque qui ad velit rerum sunt provident sequi. Ipsam non ut hic vero ipsam cupiditate vel. Nesciunt odio ea explicabo ut.', 4, '2017-12-09 23:45:04', '2017-12-09 23:45:04'),
(161, 50, 'Prof. Hudson Willms DVM', 'Blanditiis qui necessitatibus distinctio accusantium quas. Et et rem minima ullam incidunt molestias. Illo facilis error est porro modi ex. Est at qui sapiente ad occaecati ut et.', 1, '2017-12-09 23:45:04', '2017-12-09 23:45:04'),
(162, 21, 'Eriberto Gusikowski III', 'Ad sed voluptas cumque. Eum quae nihil aut quasi. Quo itaque quis mollitia qui similique id.', 1, '2017-12-09 23:45:04', '2017-12-09 23:45:04'),
(163, 48, 'Cameron Funk Sr.', 'Consequatur unde odit modi. Doloribus eos doloremque similique est neque dicta. Rerum consectetur eos dolores ab commodi ut rerum. Aut architecto sed nihil a vitae. Omnis eos et praesentium deserunt esse sit nulla tempora.', 2, '2017-12-09 23:45:04', '2017-12-09 23:45:04'),
(164, 46, 'Wyman Hackett', 'Est maiores iusto exercitationem expedita cupiditate neque molestiae nesciunt. Itaque vero hic harum commodi quisquam omnis est. Ipsa eum nostrum architecto eaque. Fuga maiores tempora qui.', 4, '2017-12-09 23:45:04', '2017-12-09 23:45:04'),
(165, 33, 'Ms. Mittie Morissette IV', 'Aliquam aut quis mollitia autem accusamus. Quia magni est fuga dolorem. Sint ut nemo perspiciatis.', 0, '2017-12-09 23:45:04', '2017-12-09 23:45:04'),
(166, 33, 'Ms. Meghan Jast', 'Et qui eius quis. Id et occaecati facere perferendis modi dolores fuga in. Atque enim excepturi quibusdam ut. Omnis et ut quod ab aperiam. Eum eveniet ea sed quas.', 2, '2017-12-09 23:45:04', '2017-12-09 23:45:04'),
(167, 49, 'Judge Quigley', 'Accusamus eum est accusamus incidunt. Sapiente et voluptas dolorem vitae. Aut assumenda autem provident qui laboriosam quo. Non ut ad inventore enim debitis eos.', 4, '2017-12-09 23:45:04', '2017-12-09 23:45:04'),
(168, 35, 'Amber Lesch', 'Laboriosam laboriosam voluptatem et placeat quasi. Est sunt corrupti porro consequatur. Tenetur eum repellendus id et sunt sint.', 5, '2017-12-09 23:45:04', '2017-12-09 23:45:04'),
(169, 23, 'Kali Jenkins', 'Itaque laudantium iste et natus minus sunt cum. A eos fugit eligendi maxime reprehenderit maxime pariatur. Aliquid qui repellendus architecto expedita est nisi.', 1, '2017-12-09 23:45:04', '2017-12-09 23:45:04'),
(170, 9, 'Clarabelle Jakubowski', 'Aut quaerat a perferendis sunt unde saepe provident ullam. Est est voluptatibus sit eligendi. Ut quod explicabo in nobis qui facere minus.', 3, '2017-12-09 23:45:04', '2017-12-09 23:45:04'),
(171, 16, 'Meda Cummerata', 'Est placeat quia perspiciatis cum sint minima assumenda. Voluptatem ut eum aut mollitia quaerat eos et. Sint accusantium praesentium maiores atque. Nemo architecto aut nihil qui dicta.', 2, '2017-12-09 23:45:04', '2017-12-09 23:45:04'),
(172, 24, 'Felicita Steuber', 'Sequi natus velit eius molestiae. Error dolores nihil in ad laudantium. Quasi aperiam eos quia dolores.', 4, '2017-12-09 23:45:04', '2017-12-09 23:45:04'),
(173, 47, 'Charlotte Morissette', 'Sunt magnam nostrum numquam itaque. Ea perferendis omnis corporis qui ut est labore. Ratione aspernatur eaque est sapiente distinctio. Ea dolor velit est corporis qui.', 0, '2017-12-09 23:45:04', '2017-12-09 23:45:04'),
(174, 13, 'Golda Wintheiser', 'Facere aliquid amet omnis minus mollitia eius. Necessitatibus praesentium commodi unde placeat deserunt qui commodi. Harum nihil et nemo molestias nam. In ducimus fugit ipsa quia optio perferendis dolor.', 2, '2017-12-09 23:45:04', '2017-12-09 23:45:04'),
(175, 32, 'Daija Kemmer', 'Inventore minima nihil ullam pariatur consequuntur iste eveniet. Sequi vero quae et et eum eum. Id non minus distinctio maiores magni. Ut qui ut rem error doloremque in autem.', 1, '2017-12-09 23:45:04', '2017-12-09 23:45:04'),
(176, 29, 'Darrin Stroman', 'Et temporibus fugit doloremque. Distinctio harum et unde deleniti doloremque eveniet. Deleniti doloribus excepturi illum aut aspernatur at atque. In alias velit nostrum consequatur quam quisquam.', 5, '2017-12-09 23:45:04', '2017-12-09 23:45:04'),
(177, 11, 'Retha Streich V', 'Dolorem veniam doloribus consequatur dolorem sit quos eligendi. Quia aspernatur nihil dolores et id vitae asperiores ea. Odit repudiandae eveniet modi neque. Deserunt harum molestias qui earum neque commodi.', 4, '2017-12-09 23:45:04', '2017-12-09 23:45:04'),
(178, 30, 'Natalie Nader IV', 'Ex doloremque doloribus voluptatem occaecati non. Quos sint et in. Officiis qui omnis sed numquam.', 3, '2017-12-09 23:45:04', '2017-12-09 23:45:04'),
(179, 38, 'Kattie Smith', 'Commodi ut consequuntur modi laudantium nihil optio odio culpa. Laboriosam ut dignissimos ut mollitia ad qui. Et enim commodi autem recusandae sed facilis hic. Eum est omnis sit delectus illum quaerat. Eos assumenda tenetur adipisci nisi id.', 3, '2017-12-09 23:45:04', '2017-12-09 23:45:04'),
(180, 30, 'Fritz King Jr.', 'Eveniet facilis sed totam sed debitis aliquid quo totam. Unde error saepe qui nemo mollitia. Temporibus possimus itaque et rerum eum quibusdam nulla.', 5, '2017-12-09 23:45:04', '2017-12-09 23:45:04'),
(181, 40, 'Onie Kulas', 'Expedita impedit eum reprehenderit quis porro. Quia ea excepturi est sunt quia. Deleniti ipsam autem culpa error omnis.', 1, '2017-12-09 23:45:04', '2017-12-09 23:45:04'),
(182, 45, 'Mariam Gerlach V', 'Id nulla est nobis molestiae sapiente natus soluta. Esse ut quod ipsum. Accusantium quisquam consequatur eos quibusdam excepturi sit.', 4, '2017-12-09 23:45:04', '2017-12-09 23:45:04'),
(183, 36, 'Prof. Florencio Bailey', 'Iste et officiis aut molestiae delectus necessitatibus molestiae. Debitis neque non quia ratione. Tenetur et dicta quis alias.', 4, '2017-12-09 23:45:04', '2017-12-09 23:45:04'),
(184, 28, 'Jamey Walker', 'Non quia ratione ab iste blanditiis magnam. Iste asperiores qui amet.', 4, '2017-12-09 23:45:04', '2017-12-09 23:45:04'),
(185, 18, 'Joy Hane MD', 'Iure autem at sequi voluptatem explicabo voluptatem quo iusto. Molestiae ut commodi non a voluptatem.', 1, '2017-12-09 23:45:04', '2017-12-09 23:45:04'),
(186, 41, 'Dustin Smith', 'Possimus laudantium consequatur eos corrupti sit ut. Enim impedit officia qui hic. Distinctio repellendus aut aliquam temporibus. Et ipsa explicabo id dignissimos dolores accusantium praesentium. Doloremque fugit temporibus aperiam.', 4, '2017-12-09 23:45:04', '2017-12-09 23:45:04'),
(187, 3, 'Rebeka Frami', 'Ut et repudiandae consequatur ipsum repudiandae. Ut eum rerum velit deleniti. Ut ut aliquid et at non.', 0, '2017-12-09 23:45:04', '2017-12-09 23:45:04'),
(188, 44, 'Tyler Willms', 'Non quaerat tenetur inventore sit debitis excepturi et. Unde earum laboriosam voluptatem. Deserunt sit a voluptas sunt delectus a.', 3, '2017-12-09 23:45:04', '2017-12-09 23:45:04'),
(189, 37, 'Dominic Harris', 'Non nisi molestiae est dolore nihil. Rerum eius maiores quam architecto eaque molestias qui. Fugit dicta et aperiam voluptatibus exercitationem. Est voluptas fuga neque doloribus laboriosam.', 2, '2017-12-09 23:45:04', '2017-12-09 23:45:04'),
(190, 24, 'Dr. Lyla Kassulke', 'Numquam doloremque perspiciatis illum aliquid velit mollitia beatae. Explicabo dicta aut laudantium minima. Autem voluptatem ipsa quisquam culpa.', 1, '2017-12-09 23:45:04', '2017-12-09 23:45:04'),
(191, 40, 'Gage Kovacek PhD', 'Unde autem ducimus voluptatem sapiente in cumque. Occaecati earum eum quia. Earum sed vitae maxime quod sit. Esse quis numquam nihil dolores non.', 5, '2017-12-09 23:45:04', '2017-12-09 23:45:04'),
(192, 27, 'Anissa Kunde', 'In aut distinctio facilis vel aut enim quo. Ratione voluptas eos ut tempore. Voluptas placeat iure qui autem. Et debitis excepturi quia et.', 0, '2017-12-09 23:45:04', '2017-12-09 23:45:04'),
(193, 43, 'Erick Kub', 'Deserunt est odio error. Adipisci autem quam deserunt ea perspiciatis. Voluptate porro quia cupiditate ad amet sed. Soluta ex quis autem sunt harum.', 0, '2017-12-09 23:45:04', '2017-12-09 23:45:04'),
(194, 49, 'Ressie Will', 'Numquam aut et autem debitis est voluptatem autem. Voluptatem qui ut vel et.', 1, '2017-12-09 23:45:04', '2017-12-09 23:45:04'),
(195, 45, 'Wayne Frami', 'Reiciendis aspernatur alias perspiciatis consequatur error est voluptatem. Dolores autem eum qui quas reiciendis voluptas. Doloribus expedita corrupti quam eos. Qui expedita dolor est incidunt veritatis nemo et.', 0, '2017-12-09 23:45:04', '2017-12-09 23:45:04'),
(196, 38, 'Marlene Connelly', 'Est necessitatibus ipsam dolor est deserunt reiciendis quidem. Autem dolores quod non maiores consectetur facilis sapiente. Iste quos sit hic in culpa sunt id.', 5, '2017-12-09 23:45:04', '2017-12-09 23:45:04'),
(197, 6, 'Jake Adams', 'Accusantium qui voluptatum magnam necessitatibus autem. Est et corrupti illum illum quia maxime natus. Nemo corporis tempore facilis dolorem.', 5, '2017-12-09 23:45:04', '2017-12-09 23:45:04'),
(198, 23, 'Ms. Maudie Rice DVM', 'Est illum enim quo. Dolore autem odit est aliquid consequatur. Laboriosam quia aliquid voluptas optio minus aliquid nihil. Minus ipsam quo facilis tenetur consectetur eligendi ut.', 0, '2017-12-09 23:45:04', '2017-12-09 23:45:04'),
(199, 9, 'Monica Reichert IV', 'Quo dolor mollitia ut quaerat explicabo. Voluptatem eveniet vel eveniet iste maxime ut. Et eveniet pariatur voluptatem et et beatae corrupti sint.', 0, '2017-12-09 23:45:04', '2017-12-09 23:45:04'),
(200, 25, 'Paolo Marks', 'Quia error cupiditate qui ut molestias. Mollitia omnis deserunt numquam. Neque ex impedit inventore vel numquam. Et et enim sit quae.', 5, '2017-12-09 23:45:04', '2017-12-09 23:45:04'),
(201, 1, 'Federico Bergstrom II', 'Mollitia impedit veritatis accusantium omnis. Illum libero aliquam possimus recusandae sed. Nemo veritatis debitis ipsum est nam provident consequuntur esse. Consequatur quia et vitae enim. Libero culpa veritatis eos repudiandae provident fuga.', 5, '2017-12-09 23:45:04', '2017-12-09 23:45:04'),
(202, 32, 'Mr. Alexzander Balistreri', 'Consequatur eaque omnis perferendis reprehenderit expedita aliquid rerum. Voluptatum aut est non sit eum. Itaque est non libero omnis animi officiis provident reiciendis.', 0, '2017-12-09 23:45:04', '2017-12-09 23:45:04'),
(203, 39, 'Prof. Makenna Schoen', 'Soluta veniam sit autem distinctio et commodi qui. Molestias ipsa iusto iure consectetur. Voluptate sit assumenda et.', 0, '2017-12-09 23:45:04', '2017-12-09 23:45:04'),
(204, 10, 'Enoch Kuhic DDS', 'Adipisci velit odio laborum vel minima libero. Architecto natus non est est. Dolore qui asperiores aut perferendis laborum doloremque id.', 4, '2017-12-09 23:45:04', '2017-12-09 23:45:04'),
(205, 5, 'Axel Kassulke', 'Excepturi ab amet qui eos velit necessitatibus non. Dolor voluptatem tenetur accusamus. Inventore occaecati recusandae sunt quae.', 1, '2017-12-09 23:45:04', '2017-12-09 23:45:04'),
(206, 35, 'Rodolfo Reinger', 'Asperiores error cum dolore debitis aliquam accusamus. Distinctio quia consequuntur voluptate occaecati rerum.', 0, '2017-12-09 23:45:04', '2017-12-09 23:45:04'),
(207, 40, 'Margarette Kertzmann', 'Et aspernatur culpa natus ea doloremque adipisci vel amet. Eos eaque voluptatum dolores quos. Nihil qui ducimus odio modi quidem.', 0, '2017-12-09 23:45:04', '2017-12-09 23:45:04'),
(208, 29, 'Mr. Maximilian Murazik', 'Quia odio molestias error itaque hic eos adipisci. Tenetur ratione beatae officia aut quasi dolor corporis. Quo et tenetur voluptates sit accusantium rerum eligendi. Numquam maxime itaque nesciunt.', 1, '2017-12-09 23:45:04', '2017-12-09 23:45:04'),
(209, 9, 'Lavonne Swaniawski III', 'Officia voluptas recusandae fuga omnis ex aspernatur. Molestiae voluptatum qui velit eum qui. Consequatur aliquam minima autem rerum aliquam. Fugiat non voluptatem dicta placeat quisquam.', 4, '2017-12-09 23:45:04', '2017-12-09 23:45:04');
INSERT INTO `reviews` (`id`, `product_id`, `customer`, `review`, `star`, `created_at`, `updated_at`) VALUES
(210, 13, 'Miss Itzel Kertzmann', 'Minus expedita accusantium impedit laborum minus a voluptas eos. Ut tenetur ratione iusto autem ut soluta eum. Accusamus totam saepe numquam quae. Fugiat aspernatur quia odio magnam. Porro reprehenderit nostrum molestiae consequatur et velit harum similique.', 0, '2017-12-09 23:45:04', '2017-12-09 23:45:04'),
(211, 7, 'Peyton Romaguera', 'Harum ad pariatur quibusdam occaecati quo magnam aut autem. Ut laborum sint officiis repellat quia dolores. Occaecati explicabo facere dolore dolor accusantium necessitatibus consequuntur. Ut ratione omnis sequi blanditiis pariatur.', 3, '2017-12-09 23:45:04', '2017-12-09 23:45:04'),
(212, 21, 'Malcolm Bernier I', 'Quia enim ducimus neque est qui. Cum explicabo odit vel qui. Harum dignissimos ipsa quod repellendus consequatur aut molestiae tempora. Quae qui ullam at et autem reprehenderit. Expedita occaecati fugit ipsum omnis.', 5, '2017-12-09 23:45:04', '2017-12-09 23:45:04'),
(213, 41, 'Elton Connelly', 'Eius nihil dolore vel numquam. Asperiores animi accusamus eligendi autem animi qui. Qui dolorum alias ut laboriosam alias at.', 2, '2017-12-09 23:45:04', '2017-12-09 23:45:04'),
(214, 11, 'Emely O\'Reilly', 'Voluptates laborum occaecati laudantium praesentium error sit. Voluptatum laudantium aut aut explicabo aut delectus esse molestias. Omnis ut expedita eligendi voluptatem fuga dolores.', 1, '2017-12-09 23:45:04', '2017-12-09 23:45:04'),
(215, 50, 'Ramiro Quitzon', 'Occaecati officiis et et voluptates voluptates. Et amet quasi maxime aut sapiente tenetur totam.', 1, '2017-12-09 23:45:04', '2017-12-09 23:45:04'),
(216, 10, 'Dorthy Ruecker', 'Sed repellendus harum officiis fugit debitis veritatis. Odio deserunt aut animi velit molestiae quam. Optio iusto esse reprehenderit ad. Temporibus nesciunt deserunt explicabo voluptas.', 0, '2017-12-09 23:45:04', '2017-12-09 23:45:04'),
(217, 43, 'Whitney Pouros', 'Dolore vitae eum et aut. Nobis iusto et nihil. Non nam nostrum similique reiciendis. Molestiae alias esse quod facere corrupti at.', 1, '2017-12-09 23:45:04', '2017-12-09 23:45:04'),
(218, 12, 'Domingo Runte', 'Et soluta autem deleniti soluta provident qui. Voluptatem voluptatem eos impedit. Exercitationem voluptatem voluptate ea vitae voluptatem. Ea totam et quia veniam similique.', 1, '2017-12-09 23:45:04', '2017-12-09 23:45:04'),
(219, 6, 'Osvaldo Harber', 'Vel sit nihil omnis molestiae ratione. Deleniti quaerat est dolores consequuntur. Delectus dolorum fugit temporibus eum ea porro voluptatem. Blanditiis et rerum odio vel animi.', 5, '2017-12-09 23:45:04', '2017-12-09 23:45:04'),
(220, 14, 'Hortense Klein Jr.', 'Architecto eos ex eos quisquam. Eum numquam autem et laborum nam vitae. Magnam itaque assumenda consequatur corporis reprehenderit.', 3, '2017-12-09 23:45:04', '2017-12-09 23:45:04'),
(221, 35, 'Cordell Willms III', 'Ut aut repellat animi eaque. Ex velit illo amet laborum.', 3, '2017-12-09 23:45:04', '2017-12-09 23:45:04'),
(222, 47, 'Maymie Wiza', 'Omnis porro vel et consequuntur et fugiat ducimus. Ratione blanditiis impedit cupiditate nihil nostrum. Sed voluptates in vero animi. Et maxime perspiciatis voluptates quidem nostrum in illo consequatur.', 2, '2017-12-09 23:45:04', '2017-12-09 23:45:04'),
(223, 36, 'Halle Greenfelder V', 'Deleniti beatae qui omnis provident laborum. Et voluptatibus sed alias molestias ea sed non. Numquam occaecati exercitationem quas quia accusamus.', 2, '2017-12-09 23:45:04', '2017-12-09 23:45:04'),
(224, 7, 'Prof. Coy Lehner', 'Dolor repellat aut voluptas a amet ut. Doloribus quis aliquam maxime iure assumenda. Doloribus porro eveniet dolore eos voluptatum dolores magnam. Optio odit cupiditate suscipit qui temporibus.', 4, '2017-12-09 23:45:04', '2017-12-09 23:45:04'),
(225, 33, 'Dr. Dalton Parisian', 'Et libero impedit accusantium deserunt eos. Et sunt ut quia eius. Dolor assumenda nihil nobis impedit voluptatum dolores.', 5, '2017-12-09 23:45:04', '2017-12-09 23:45:04'),
(226, 3, 'Kacie Jenkins', 'Ut aliquam necessitatibus nam et ad autem. Sed assumenda voluptates esse aut nesciunt dolor autem quae. Ut incidunt tempore voluptatibus non. Quia non totam voluptas ut molestiae illo.', 1, '2017-12-09 23:45:04', '2017-12-09 23:45:04'),
(227, 35, 'Dr. Rosanna Treutel DVM', 'Qui sit expedita at veritatis repellendus. Iure nam natus a ea iste dignissimos dolorem. Ut tenetur eum natus molestias pariatur.', 3, '2017-12-09 23:45:04', '2017-12-09 23:45:04'),
(228, 24, 'Dandre Mraz', 'Doloribus est modi vel. Atque asperiores corrupti est odio tempore. Voluptatem quis ut in qui in neque ut. Provident velit similique delectus velit veniam est veniam.', 5, '2017-12-09 23:45:04', '2017-12-09 23:45:04'),
(229, 30, 'Dr. Mina Sanford', 'Dolor facere qui nostrum natus ad accusamus ullam. Qui consequatur odio sequi sed officia eligendi debitis. Ea molestiae est aliquam neque dolorem cumque.', 1, '2017-12-09 23:45:04', '2017-12-09 23:45:04'),
(230, 11, 'Julia Hoeger', 'In esse et est. Odio ut ut rerum. Quisquam omnis commodi esse accusantium. Voluptatem ipsa eaque autem qui.', 3, '2017-12-09 23:45:04', '2017-12-09 23:45:04'),
(231, 25, 'Mrs. Aletha Hamill I', 'Qui ea quaerat aut deleniti possimus iste. Voluptas eveniet mollitia architecto modi eveniet aliquam. Vitae provident est ipsum expedita neque.', 1, '2017-12-09 23:45:04', '2017-12-09 23:45:04'),
(232, 27, 'Frederique Hayes', 'Eos dolores distinctio laborum. Sit fugiat beatae omnis cum quo. Iste consectetur ipsam et ut ut aut harum. Est sed est suscipit consequuntur et et est.', 2, '2017-12-09 23:45:04', '2017-12-09 23:45:04'),
(233, 33, 'Miss Cordie Kuhic', 'Nemo repudiandae eos pariatur rerum amet dolores quia. Debitis consequuntur itaque maiores facilis. Quo ad quia aut quo saepe et. Sit velit omnis unde quo voluptas aut.', 2, '2017-12-09 23:45:04', '2017-12-09 23:45:04'),
(234, 17, 'Jaqueline Welch', 'Et est provident perspiciatis corporis velit. Pariatur et omnis et quos. Nihil accusamus qui doloremque expedita maiores cumque est.', 5, '2017-12-09 23:45:04', '2017-12-09 23:45:04'),
(235, 47, 'Dr. Lee Kuphal', 'Et officia debitis quia. Dolor consequatur saepe quisquam quo molestiae facere fugit. Quis porro dolorem esse repudiandae quos. Earum nesciunt quia est.', 4, '2017-12-09 23:45:04', '2017-12-09 23:45:04'),
(236, 37, 'Lexi Macejkovic', 'Harum inventore a voluptas qui consequatur recusandae. Et ipsum eaque est culpa. Eum molestiae ex in voluptas qui.', 4, '2017-12-09 23:45:04', '2017-12-09 23:45:04'),
(237, 38, 'Dr. Meagan Oberbrunner', 'Velit repudiandae et omnis maxime. Porro voluptatibus deserunt quam non similique reiciendis nostrum. Quia illum dolorem harum autem voluptates velit. Itaque voluptas quia rem itaque vero in illo. Eum et pariatur aut voluptatum ad dolores.', 4, '2017-12-09 23:45:04', '2017-12-09 23:45:04'),
(238, 25, 'Winnifred Wilkinson Sr.', 'Commodi non est similique ducimus sapiente placeat. Laudantium quae laboriosam repellendus. Et quia nulla illum earum.', 0, '2017-12-09 23:45:04', '2017-12-09 23:45:04'),
(239, 31, 'Dr. Leonora Terry IV', 'Cumque nisi aut nam doloribus et suscipit tempora. Impedit dolor non voluptatem dolores earum et aut. Aperiam nemo omnis nihil qui fugit autem voluptas. Eos ipsum quasi repellendus molestiae sunt voluptatem.', 3, '2017-12-09 23:45:04', '2017-12-09 23:45:04'),
(240, 18, 'Ellen Reichel', 'Similique et beatae dolores voluptatum quo. Natus numquam velit assumenda. Ut aut atque perspiciatis sed eligendi at sit nemo. Nemo itaque quaerat voluptatem sed.', 3, '2017-12-09 23:45:04', '2017-12-09 23:45:04'),
(241, 49, 'Prof. Chanel Hoeger', 'Ratione qui odit nemo autem quia nam quo. Ratione dolorem quasi suscipit facilis. Rerum totam adipisci eius inventore libero eius.', 3, '2017-12-09 23:45:04', '2017-12-09 23:45:04'),
(242, 10, 'Dr. Josh Bartell', 'Dolores vitae corporis quo ratione in magni. Expedita repellat voluptatibus pariatur quos. Ipsa molestias ipsam temporibus sit totam deserunt maxime. Culpa perferendis ut officiis molestiae optio aliquam id.', 0, '2017-12-09 23:45:04', '2017-12-09 23:45:04'),
(243, 13, 'Ms. Maurine Crist II', 'Est sapiente in asperiores delectus. Incidunt dignissimos voluptas sunt omnis repellendus natus. Repudiandae eos et commodi autem natus veritatis iste. Ut rerum debitis et illo est est.', 4, '2017-12-09 23:45:04', '2017-12-09 23:45:04'),
(244, 24, 'Tito Olson', 'Qui aut nihil earum iure consequatur occaecati. Nihil ipsa aut praesentium voluptate molestiae. Aut beatae consectetur reprehenderit sint. Rem explicabo modi quibusdam quisquam unde doloremque. Rerum fugiat ut ratione magni perferendis.', 1, '2017-12-09 23:45:04', '2017-12-09 23:45:04'),
(245, 22, 'Avery Sanford', 'Ut esse totam nisi aspernatur quaerat. Esse sequi mollitia qui magni illum voluptatibus quis. Rerum consequatur maxime aut dolor cumque voluptas.', 1, '2017-12-09 23:45:04', '2017-12-09 23:45:04'),
(246, 7, 'Everette Orn', 'Saepe expedita est fugit asperiores. Sunt quis eos accusantium suscipit molestias maxime magni.', 3, '2017-12-09 23:45:04', '2017-12-09 23:45:04'),
(247, 19, 'Ryan Raynor', 'Perferendis nihil deserunt minus aut est. Omnis odit dolorum animi voluptatibus. Officia neque veniam magnam ab. Magni porro dicta et distinctio.', 3, '2017-12-09 23:45:04', '2017-12-09 23:45:04'),
(248, 34, 'Mr. Jermain Corkery', 'Dolor vel rerum numquam odio. Magni ea repellendus quod. Facilis ex aut autem in est.', 0, '2017-12-09 23:45:04', '2017-12-09 23:45:04'),
(249, 6, 'Dr. Favian Nienow PhD', 'Nam fugiat officiis dolores molestiae voluptas. Sit quis est et fugiat harum. Corporis ad nam eveniet et et iste eligendi et. Consectetur doloribus eos laborum autem ut dolorem delectus ipsum. Quo inventore eum neque omnis asperiores perferendis.', 4, '2017-12-09 23:45:04', '2017-12-09 23:45:04'),
(250, 14, 'Prof. Jarret Murazik Jr.', 'Corrupti ut consequatur quia quia possimus doloribus molestias. Asperiores doloribus non explicabo quae eligendi eius. Delectus quia iure nam. Nam odit laboriosam eius quibusdam similique consectetur corrupti atque.', 2, '2017-12-09 23:45:04', '2017-12-09 23:45:04'),
(251, 10, 'Gregory Herzog', 'Nostrum aspernatur maiores temporibus. Ex beatae hic hic quasi dolorem est non. Nobis alias ipsa esse et pariatur facilis cum. Occaecati adipisci qui corrupti enim distinctio vel. Illo eos vel et dolores sunt et.', 5, '2017-12-09 23:45:04', '2017-12-09 23:45:04'),
(252, 33, 'Mrs. Johanna Boyer II', 'Soluta qui hic voluptatem. Voluptatem error ipsum suscipit est qui deserunt et. Dolorem nobis est ad nostrum ex laborum non. Adipisci ab voluptas perspiciatis ipsum ad illo dignissimos quasi.', 5, '2017-12-09 23:45:04', '2017-12-09 23:45:04'),
(253, 34, 'Kassandra Ledner', 'Fugiat quis et aut placeat et possimus omnis. Esse molestiae ipsum nulla saepe quas hic fugiat repellat. Molestias cumque sit consequatur sed assumenda et ut.', 5, '2017-12-09 23:45:04', '2017-12-09 23:45:04'),
(254, 45, 'Christ Homenick', 'Provident adipisci qui nesciunt voluptatem blanditiis error non. Dolores minima quos nisi. Optio magnam laborum in sunt vero quaerat laboriosam et. Qui qui sit iusto aut nihil dolor.', 5, '2017-12-09 23:45:05', '2017-12-09 23:45:05'),
(255, 23, 'Maribel Schimmel', 'Dolor aliquam maiores officiis est. Ipsum ut at quaerat maiores maxime. Nobis in corrupti ea qui ut deleniti. Quasi aut et fugit saepe quaerat earum dolorem. Cumque id ut possimus quibusdam veniam sunt.', 2, '2017-12-09 23:45:05', '2017-12-09 23:45:05'),
(256, 32, 'Adolfo Reichel II', 'Nobis provident aspernatur laboriosam omnis. Sit possimus dolor sed eum soluta. Odit veritatis sit debitis sint quas fugiat quos quis.', 2, '2017-12-09 23:45:05', '2017-12-09 23:45:05'),
(257, 16, 'Kianna Batz', 'Sint quaerat est reprehenderit et sit ut. Temporibus minima esse delectus dolores. Expedita repellendus fugiat officia.', 0, '2017-12-09 23:45:05', '2017-12-09 23:45:05'),
(258, 12, 'Antonietta Grady', 'Totam atque sunt et. Voluptatem itaque vitae modi vel. Aliquam veniam asperiores nobis cum ea qui qui. Id ut amet possimus cum deleniti fugiat.', 3, '2017-12-09 23:45:05', '2017-12-09 23:45:05'),
(259, 40, 'Chase Turner', 'Aperiam sapiente tempora dicta veritatis. Quas natus ea temporibus quam aperiam eum. Dolorem vero iusto optio nulla aliquam quae non. Sit sunt ullam aut consectetur iusto corporis ducimus.', 0, '2017-12-09 23:45:05', '2017-12-09 23:45:05'),
(260, 38, 'Noble Daniel', 'Ullam architecto sequi labore fugiat quam ea hic. Et sed quisquam et. Consectetur iure et qui.', 4, '2017-12-09 23:45:05', '2017-12-09 23:45:05'),
(261, 10, 'Katarina Rowe', 'Animi sunt in quidem quam ea iure alias. Est a eveniet est quia. Fugit omnis dignissimos sit eveniet soluta qui.', 3, '2017-12-09 23:45:05', '2017-12-09 23:45:05'),
(262, 34, 'Ottilie Aufderhar', 'Saepe vitae debitis est est hic et iste. Perspiciatis omnis commodi sapiente tempore impedit sed. Animi porro voluptates accusamus voluptate fuga est voluptas eveniet.', 4, '2017-12-09 23:45:05', '2017-12-09 23:45:05'),
(263, 13, 'Jamil Hansen', 'Reiciendis iste quae eveniet quidem tempore odit eos sunt. Error dolores consectetur harum nihil nihil dicta. Fuga facere dolorem voluptatem fuga ut error deleniti. Vel voluptas quos eveniet porro et ipsum.', 2, '2017-12-09 23:45:05', '2017-12-09 23:45:05'),
(264, 13, 'Dr. Dan Lynch', 'Alias fugit laborum rerum aperiam praesentium. Animi repudiandae est quis repellat corrupti aut doloremque tempore. Ab eveniet non eos unde vero et distinctio.', 2, '2017-12-09 23:45:05', '2017-12-09 23:45:05'),
(265, 49, 'Prof. Evan Streich', 'Qui iusto atque reiciendis placeat. Exercitationem consequatur qui et fugiat sapiente magnam. Officiis vero itaque id nihil vel est. Et aliquam iste eum tenetur eum est facilis.', 3, '2017-12-09 23:45:05', '2017-12-09 23:45:05'),
(266, 5, 'Gayle Hilpert', 'Et vitae quia maiores aut. Voluptate non dolorem quia qui quibusdam qui placeat quas.', 2, '2017-12-09 23:45:05', '2017-12-09 23:45:05'),
(267, 19, 'Ezekiel Emmerich I', 'Autem voluptatum velit officiis saepe. Ea deserunt molestiae sunt. Ut recusandae id similique saepe maxime quia molestiae molestiae. Ratione ea molestiae expedita quisquam mollitia sit consequatur eum.', 3, '2017-12-09 23:45:05', '2017-12-09 23:45:05'),
(268, 8, 'Mr. Abel Hickle', 'Voluptatem rerum quia eum voluptas saepe eos. Expedita et laborum placeat eum. Est eum commodi ducimus repellendus. Voluptatem qui asperiores aspernatur et.', 5, '2017-12-09 23:45:05', '2017-12-09 23:45:05'),
(269, 26, 'Prof. Linwood Strosin MD', 'Omnis sunt et ut fugiat eos numquam sint recusandae. Architecto reprehenderit esse sit repellat. Enim esse repellendus et et.', 1, '2017-12-09 23:45:05', '2017-12-09 23:45:05'),
(270, 39, 'Tillman Heaney', 'Quo consequatur quia autem. Hic laboriosam sequi quas animi est autem.', 0, '2017-12-09 23:45:05', '2017-12-09 23:45:05'),
(271, 11, 'Randi Reichel', 'Omnis exercitationem cumque et. Temporibus quasi sed ratione eos molestiae. Ratione voluptatem et numquam qui blanditiis quia. Eos aspernatur sint ab et aut. Neque fugit nobis et officia iusto veniam quo.', 4, '2017-12-09 23:45:05', '2017-12-09 23:45:05'),
(272, 14, 'Ellen Beatty', 'Sit qui quia perspiciatis fugiat eaque adipisci deleniti inventore. Cumque quaerat enim nulla commodi voluptatem. Optio neque vel tempora ex aut mollitia voluptatem. Officiis qui ut ratione excepturi quae libero quo.', 1, '2017-12-09 23:45:05', '2017-12-09 23:45:05'),
(273, 49, 'Miss Sydni Williamson PhD', 'Et iste aliquid est qui officia libero. Possimus adipisci assumenda aperiam natus officia veritatis quia. Dolore est autem voluptatem ad consequatur quaerat reprehenderit.', 0, '2017-12-09 23:45:05', '2017-12-09 23:45:05'),
(274, 22, 'Aileen Lehner', 'Porro rem totam et ad vel facere ratione. Atque ad excepturi quam mollitia asperiores voluptas recusandae. Voluptas distinctio et totam commodi. Mollitia aspernatur magni voluptas consequatur aut illum nemo. Sequi quia aliquid sit quo non ab.', 2, '2017-12-09 23:45:05', '2017-12-09 23:45:05'),
(275, 22, 'Lon Donnelly', 'Et nam quod delectus hic quis vero expedita. Sequi laudantium eligendi ipsum voluptas perferendis voluptates. Distinctio dolore sapiente non et at.', 3, '2017-12-09 23:45:05', '2017-12-09 23:45:05'),
(276, 7, 'Laurence O\'Kon', 'Et esse laudantium id doloremque dolorem sunt quod. Et eligendi sapiente et. Rerum sapiente non quas. Ut fuga culpa minus voluptatibus.', 2, '2017-12-09 23:45:05', '2017-12-09 23:45:05'),
(277, 10, 'Carissa Runte', 'Quisquam incidunt sunt inventore consequuntur. In est est aut omnis facilis rem.', 1, '2017-12-09 23:45:05', '2017-12-09 23:45:05'),
(278, 31, 'Prof. Terrill Walter', 'Voluptatibus eum dolores quidem molestias. Perferendis maiores ducimus id nihil aliquid voluptates ea. Laudantium rem eligendi et debitis culpa amet qui. Voluptas atque debitis et rerum eos et quo itaque.', 2, '2017-12-09 23:45:05', '2017-12-09 23:45:05'),
(279, 31, 'Dr. Ettie Crist III', 'Nobis vero ut ut aliquid debitis est provident suscipit. Et reiciendis sit in mollitia impedit. Ipsum et quia aut ipsum minima. Mollitia ullam esse saepe at dolorem illo.', 2, '2017-12-09 23:45:05', '2017-12-09 23:45:05'),
(280, 48, 'Ms. Alice Steuber', 'Iusto modi vero sequi accusamus ut. Similique nam ad eius nulla porro numquam et. Dolor vel vel exercitationem temporibus.', 4, '2017-12-09 23:45:05', '2017-12-09 23:45:05'),
(281, 16, 'Alda Bahringer', 'Commodi laboriosam natus eaque qui et sunt. Voluptatem ipsa maiores temporibus sit. Et repellat non magni rerum quia quis et. Repellendus ipsa rerum sit et ad. Reprehenderit sed et aut voluptates et.', 5, '2017-12-09 23:45:05', '2017-12-09 23:45:05'),
(282, 25, 'Mr. Jarrett Stark DDS', 'Doloribus eligendi molestias aut molestias accusamus. Sit voluptas et qui atque. Dicta porro omnis id.', 4, '2017-12-09 23:45:05', '2017-12-09 23:45:05'),
(283, 29, 'Jadon Sawayn', 'Perspiciatis porro sed hic nihil voluptatem porro. Et in distinctio porro quas. Atque porro voluptatibus exercitationem quaerat aliquam. Incidunt repellendus aut ut.', 0, '2017-12-09 23:45:05', '2017-12-09 23:45:05'),
(284, 48, 'Miss Prudence Wyman III', 'Vel occaecati nam alias reiciendis est. Perferendis earum commodi quo est accusantium. Atque fugiat deserunt cupiditate ut qui placeat.', 5, '2017-12-09 23:45:05', '2017-12-09 23:45:05'),
(285, 15, 'Mr. Titus Weber V', 'Dolorum dolores odit molestiae dolores id voluptatibus. Aut ut totam ut quo officia dolorem. Quisquam cumque autem exercitationem voluptatem distinctio odit rerum. Sed consequuntur necessitatibus libero quia.', 1, '2017-12-09 23:45:05', '2017-12-09 23:45:05'),
(286, 24, 'Sydni Turner', 'Id nesciunt dignissimos et ipsam minus nemo illo. Mollitia consequatur temporibus qui et. Ea reprehenderit voluptatibus perspiciatis voluptatem harum sit magni.', 3, '2017-12-09 23:45:05', '2017-12-09 23:45:05'),
(287, 11, 'Miss Tressie Gerhold', 'Odio officiis tempore error et. Dolores nisi cumque dolorem id. Recusandae animi accusamus dolore provident et aspernatur fugit. Reiciendis voluptatem dolorem alias.', 2, '2017-12-09 23:45:05', '2017-12-09 23:45:05'),
(288, 23, 'Dr. Cruz Keebler I', 'Debitis sunt omnis unde ratione. Eligendi minima et explicabo. In minus libero quo. Inventore voluptatem voluptatum reiciendis delectus ut ullam.', 2, '2017-12-09 23:45:05', '2017-12-09 23:45:05'),
(289, 6, 'Eliza Wiegand', 'Est reprehenderit impedit quo adipisci. Doloribus nam dolorem quam iure illum temporibus. Ab omnis nostrum in. Doloremque vero qui animi ex tenetur aspernatur voluptatem.', 0, '2017-12-09 23:45:05', '2017-12-09 23:45:05'),
(290, 27, 'Pedro Hegmann', 'Similique expedita placeat qui reprehenderit. Perspiciatis qui quidem nam maiores. Aut necessitatibus minima doloremque suscipit. Exercitationem quis facere vero eum molestiae iusto neque.', 4, '2017-12-09 23:45:05', '2017-12-09 23:45:05'),
(291, 22, 'Elizabeth Brakus', 'Iure beatae laborum quis pariatur repellat assumenda. Nobis velit eum minima eaque et. Est animi et quod dolore qui labore. Ipsam maxime eum voluptatum et natus odio molestias. Exercitationem eligendi atque debitis doloribus sapiente pariatur.', 4, '2017-12-09 23:45:05', '2017-12-09 23:45:05'),
(292, 1, 'Ms. Ericka Leannon DDS', 'Aut qui nulla sit animi tempora. Voluptatem facere mollitia qui sint et. Et at omnis cumque quis. Ea iure tempora accusantium non fugiat reprehenderit labore.', 5, '2017-12-09 23:45:05', '2017-12-09 23:45:05'),
(293, 20, 'Talia Daugherty', 'Nihil aut vel molestiae assumenda. Ullam ex pariatur in ipsam dignissimos. Enim error porro aperiam est est. Error eos aspernatur ex.', 2, '2017-12-09 23:45:05', '2017-12-09 23:45:05'),
(294, 26, 'Bernadette Lynch', 'Deleniti minima dolorum voluptates voluptatibus quo iusto repellendus. Accusamus eum distinctio et architecto. Voluptas consequatur fugiat laboriosam voluptatem voluptatem. Officia at sapiente magni consequatur odit praesentium.', 3, '2017-12-09 23:45:05', '2017-12-09 23:45:05'),
(295, 19, 'Dr. Casper Streich', 'Qui optio nisi eos. Molestias voluptatem quo accusantium fugit. Nobis suscipit eaque qui recusandae ut ut impedit consequuntur. Quas harum repellat in quae impedit quia.', 4, '2017-12-09 23:45:05', '2017-12-09 23:45:05'),
(296, 47, 'Prof. Brant Smitham Sr.', 'Maxime consequatur ut neque commodi sint. Fuga quis dolor consequuntur velit explicabo adipisci omnis. Atque nisi vel veniam eos eum dolores. Ut earum quia sed a voluptas. Totam rerum maxime reiciendis neque.', 4, '2017-12-09 23:45:05', '2017-12-09 23:45:05'),
(297, 4, 'Simeon Luettgen', 'Dicta alias id vero alias. Nemo perspiciatis id fugit. Doloribus blanditiis dolores dolor magnam consequuntur pariatur dignissimos.', 3, '2017-12-09 23:45:05', '2017-12-09 23:45:05'),
(298, 40, 'Francesca Rodriguez', 'Voluptatum in est quo repellendus consequatur corrupti tenetur. Et corrupti dolores occaecati enim est rerum saepe. Deleniti repellat mollitia laudantium suscipit laudantium.', 4, '2017-12-09 23:45:05', '2017-12-09 23:45:05'),
(299, 5, 'Miss Carlotta Lakin', 'Harum aliquam saepe quia dolores voluptatem. Autem reprehenderit hic aut unde harum et soluta sed. Non sit expedita eos aut esse et praesentium exercitationem. Voluptatum odio et ipsam dolorem et doloribus quia.', 2, '2017-12-09 23:45:05', '2017-12-09 23:45:05'),
(300, 13, 'Mr. Collin Hirthe IV', 'Maiores fugit ut fuga explicabo suscipit nihil. Nisi ut autem cum consequatur laborum earum. Dolorem et dolorem quae dolorum. Blanditiis qui voluptatem in consequatur fugiat.', 2, '2017-12-09 23:45:05', '2017-12-09 23:45:05');

-- --------------------------------------------------------

--
-- Table structure for table `users`
--

DROP TABLE IF EXISTS `users`;
CREATE TABLE IF NOT EXISTS `users` (
  `id` int(10) UNSIGNED NOT NULL AUTO_INCREMENT,
  `name` varchar(191) COLLATE utf8mb4_unicode_ci NOT NULL,
  `email` varchar(191) COLLATE utf8mb4_unicode_ci NOT NULL,
  `password` varchar(191) COLLATE utf8mb4_unicode_ci NOT NULL,
  `remember_token` varchar(100) COLLATE utf8mb4_unicode_ci DEFAULT NULL,
  `created_at` timestamp NULL DEFAULT NULL,
  `updated_at` timestamp NULL DEFAULT NULL,
  PRIMARY KEY (`id`),
  UNIQUE KEY `users_email_unique` (`email`)
) ENGINE=MyISAM AUTO_INCREMENT=2 DEFAULT CHARSET=utf8mb4 COLLATE=utf8mb4_unicode_ci;

--
-- Dumping data for table `users`
--

INSERT INTO `users` (`id`, `name`, `email`, `password`, `remember_token`, `created_at`, `updated_at`) VALUES
(1, 'manju', 'manjumnair88@gmail.com', '$2y$10$lywTyAyDBGJEbczLtC/mrehIXWgh3.S3cUrbKntOBPlcdlofngpSm', NULL, '2017-12-10 05:39:43', '2017-12-10 05:39:43');
COMMIT;

/*!40101 SET CHARACTER_SET_CLIENT=@OLD_CHARACTER_SET_CLIENT */;
/*!40101 SET CHARACTER_SET_RESULTS=@OLD_CHARACTER_SET_RESULTS */;
/*!40101 SET COLLATION_CONNECTION=@OLD_COLLATION_CONNECTION */;
